Indicator,Year,Geography,Rate per 100000
"Hepatitis  A","2017","Alabama","0.5"
"Hepatitis  A","2016","Alabama","0.4"
"Hepatitis  A","2015","Alabama","0.5"
"Hepatitis  A","2014","Alabama","0.3"
"Hepatitis  A","2013","Alabama","0.2"
"Hepatitis  A","2012","Alabama","0.4"
"Hepatitis  A","2011","Alabama","0.2"
"Hepatitis  A","2010","Alabama","0.2"
"Hepatitis  A","2009","Alabama","0.3"
"Hepatitis  A","2008","Alabama","0.3"
"Hepatitis  A","2007","Alabama","0.5"
"Hepatitis  A","2006","Alabama","0.3"
"Hepatitis  A","2005","Alabama","1.0"
"Hepatitis  A","2004","Alabama","0.2"
"Hepatitis  A","2003","Alabama","0.5"
"Hepatitis  A","2002","Alabama","0.9"
"Hepatitis  A","2001","Alabama","1.8"
"Hepatitis  A","2000","Alabama","1.3"
"Acute Viral Hepatitis B","2017","Alabama","1.7"
"Acute Viral Hepatitis B","2016","Alabama","1.2"
"Acute Viral Hepatitis B","2015","Alabama","2.1"
"Acute Viral Hepatitis B","2014","Alabama","2.4"
"Acute Viral Hepatitis B","2013","Alabama","1.9"
"Acute Viral Hepatitis B","2012","Alabama","1.6"
"Acute Viral Hepatitis B","2011","Alabama","2.5"
"Acute Viral Hepatitis B","2010","Alabama","1.4"
"Acute Viral Hepatitis B","2009","Alabama","1.9"
"Acute Viral Hepatitis B","2008","Alabama","2.3"
"Acute Viral Hepatitis B","2007","Alabama","2.8"
"Acute Viral Hepatitis B","2006","Alabama","2.1"
"Acute Viral Hepatitis B","2005","Alabama","2.0"
"Acute Viral Hepatitis B","2004","Alabama","1.8"
"Acute Viral Hepatitis B","2003","Alabama","2.1"
"Acute Viral Hepatitis B","2002","Alabama","2.3"
"Acute Viral Hepatitis B","2001","Alabama","2.0"
"Acute Viral Hepatitis B","2000","Alabama","1.6"
"Hepatitis  A","2017","Alaska","0.0"
"Hepatitis  A","2016","Alaska","0.3"
"Hepatitis  A","2015","Alaska","0.5"
"Hepatitis  A","2014","Alaska","0.1"
"Hepatitis  A","2013","Alaska","0.1"
"Hepatitis  A","2012","Alaska","0.1"
"Hepatitis  A","2011","Alaska","0.6"
"Hepatitis  A","2010","Alaska","0.7"
"Hepatitis  A","2009","Alaska","0.3"
"Hepatitis  A","2008","Alaska","0.7"
"Hepatitis  A","2007","Alaska","0.7"
"Hepatitis  A","2006","Alaska","0.3"
"Hepatitis  A","2005","Alaska","0.6"
"Hepatitis  A","2004","Alaska","0.6"
"Hepatitis  A","2003","Alaska","1.5"
"Hepatitis  A","2002","Alaska","1.9"
"Hepatitis  A","2001","Alaska","2.5"
"Hepatitis  A","2000","Alaska","2.1"
"Acute Viral Hepatitis B","2017","Alaska","1.2"
"Acute Viral Hepatitis B","2016","Alaska","0.8"
"Acute Viral Hepatitis B","2015","Alaska","0.4"
"Acute Viral Hepatitis B","2014","Alaska","0.4"
"Acute Viral Hepatitis B","2013","Alaska","0.1"
"Acute Viral Hepatitis B","2012","Alaska","0.1"
"Acute Viral Hepatitis B","2011","Alaska","0.4"
"Acute Viral Hepatitis B","2010","Alaska","0.7"
"Acute Viral Hepatitis B","2009","Alaska","0.6"
"Acute Viral Hepatitis B","2008","Alaska","1.5"
"Acute Viral Hepatitis B","2007","Alaska","1.3"
"Acute Viral Hepatitis B","2006","Alaska","1.2"
"Acute Viral Hepatitis B","2005","Alaska","1.2"
"Acute Viral Hepatitis B","2004","Alaska","1.7"
"Acute Viral Hepatitis B","2003","Alaska","1.2"
"Acute Viral Hepatitis B","2002","Alaska","1.9"
"Acute Viral Hepatitis B","2001","Alaska","1.6"
"Acute Viral Hepatitis B","2000","Alaska","2.1"
"Hepatitis  A","2017","Arizona","0.8"
"Hepatitis  A","2016","Arizona","0.5"
"Hepatitis  A","2015","Arizona","0.8"
"Hepatitis  A","2014","Arizona","0.4"
"Hepatitis  A","2013","Arizona","1.0"
"Hepatitis  A","2012","Arizona","1.4"
"Hepatitis  A","2011","Arizona","1.2"
"Hepatitis  A","2010","Arizona","1.0"
"Hepatitis  A","2009","Arizona","1.0"
"Hepatitis  A","2008","Arizona","1.8"
"Hepatitis  A","2007","Arizona","2.4"
"Hepatitis  A","2006","Arizona","2.9"
"Hepatitis  A","2005","Arizona","3.3"
"Hepatitis  A","2004","Arizona","4.6"
"Hepatitis  A","2003","Arizona","5.0"
"Hepatitis  A","2002","Arizona","5.6"
"Hepatitis  A","2001","Arizona","7.7"
"Hepatitis  A","2000","Arizona","9.0"
"Acute Viral Hepatitis B","2017","Arizona","0.4"
"Acute Viral Hepatitis B","2016","Arizona","0.2"
"Acute Viral Hepatitis B","2015","Arizona","0.4"
"Acute Viral Hepatitis B","2014","Arizona","0.5"
"Acute Viral Hepatitis B","2013","Arizona","0.4"
"Acute Viral Hepatitis B","2012","Arizona","0.2"
"Acute Viral Hepatitis B","2011","Arizona","0.2"
"Acute Viral Hepatitis B","2010","Arizona","0.4"
"Acute Viral Hepatitis B","2009","Arizona","0.6"
"Acute Viral Hepatitis B","2008","Arizona","1.2"
"Acute Viral Hepatitis B","2007","Arizona","1.3"
"Acute Viral Hepatitis B","2006","Arizona","Data not available"
"Acute Viral Hepatitis B","2005","Arizona","6.3"
"Acute Viral Hepatitis B","2004","Arizona","5.0"
"Acute Viral Hepatitis B","2003","Arizona","5.1"
"Acute Viral Hepatitis B","2002","Arizona","4.6"
"Acute Viral Hepatitis B","2001","Arizona","3.1"
"Acute Viral Hepatitis B","2000","Arizona","4.2"
"Hepatitis  A","2017","Arkansas","0.2"
"Hepatitis  A","2016","Arkansas","0.4"
"Hepatitis  A","2015","Arkansas","0.3"
"Hepatitis  A","2014","Arkansas","0.1"
"Hepatitis  A","2013","Arkansas","0.3"
"Hepatitis  A","2012","Arkansas","0.3"
"Hepatitis  A","2011","Arkansas","0.1"
"Hepatitis  A","2010","Arkansas","0.1"
"Hepatitis  A","2009","Arkansas","0.4"
"Hepatitis  A","2008","Arkansas","0.4"
"Hepatitis  A","2007","Arkansas","0.5"
"Hepatitis  A","2006","Arkansas","1.7"
"Hepatitis  A","2005","Arkansas","0.7"
"Hepatitis  A","2004","Arkansas","2.2"
"Hepatitis  A","2003","Arkansas","1.4"
"Hepatitis  A","2002","Arkansas","2.7"
"Hepatitis  A","2001","Arkansas","2.7"
"Hepatitis  A","2000","Arkansas","5.4"
"Acute Viral Hepatitis B","2017","Arkansas","1.5"
"Acute Viral Hepatitis B","2016","Arkansas","1.6"
"Acute Viral Hepatitis B","2015","Arkansas","1.2"
"Acute Viral Hepatitis B","2014","Arkansas","0.9"
"Acute Viral Hepatitis B","2013","Arkansas","1.7"
"Acute Viral Hepatitis B","2012","Arkansas","2.5"
"Acute Viral Hepatitis B","2011","Arkansas","1.9"
"Acute Viral Hepatitis B","2010","Arkansas","2.3"
"Acute Viral Hepatitis B","2009","Arkansas","2.2"
"Acute Viral Hepatitis B","2008","Arkansas","2.3"
"Acute Viral Hepatitis B","2007","Arkansas","2.5"
"Acute Viral Hepatitis B","2006","Arkansas","3.1"
"Acute Viral Hepatitis B","2005","Arkansas","2.6"
"Acute Viral Hepatitis B","2004","Arkansas","4.3"
"Acute Viral Hepatitis B","2003","Arkansas","3.3"
"Acute Viral Hepatitis B","2002","Arkansas","4.4"
"Acute Viral Hepatitis B","2001","Arkansas","4.0"
"Acute Viral Hepatitis B","2000","Arkansas","4.1"
"Hepatitis  A","2017","California","2.4"
"Hepatitis  A","2016","California","0.6"
"Hepatitis  A","2015","California","0.5"
"Hepatitis  A","2014","California","0.4"
"Hepatitis  A","2013","California","0.7"
"Hepatitis  A","2012","California","0.5"
"Hepatitis  A","2011","California","0.5"
"Hepatitis  A","2010","California","0.6"
"Hepatitis  A","2009","California","0.7"
"Hepatitis  A","2008","California","1.2"
"Hepatitis  A","2007","California","1.6"
"Hepatitis  A","2006","California","2.7"
"Hepatitis  A","2005","California","2.7"
"Hepatitis  A","2004","California","2.5"
"Hepatitis  A","2003","California","3.2"
"Hepatitis  A","2002","California","4.1"
"Hepatitis  A","2001","California","5.4"
"Hepatitis  A","2000","California","8.8"
"Acute Viral Hepatitis B","2017","California","0.3"
"Acute Viral Hepatitis B","2016","California","0.3"
"Acute Viral Hepatitis B","2015","California","0.4"
"Acute Viral Hepatitis B","2014","California","0.3"
"Acute Viral Hepatitis B","2013","California","0.4"
"Acute Viral Hepatitis B","2012","California","0.4"
"Acute Viral Hepatitis B","2011","California","0.4"
"Acute Viral Hepatitis B","2010","California","0.7"
"Acute Viral Hepatitis B","2009","California","0.7"
"Acute Viral Hepatitis B","2008","California","0.8"
"Acute Viral Hepatitis B","2007","California","1.1"
"Acute Viral Hepatitis B","2006","California","1.2"
"Acute Viral Hepatitis B","2005","California","1.1"
"Acute Viral Hepatitis B","2004","California","1.4"
"Acute Viral Hepatitis B","2003","California","1.9"
"Acute Viral Hepatitis B","2002","California","1.8"
"Acute Viral Hepatitis B","2001","California","2.5"
"Acute Viral Hepatitis B","2000","California","3.2"
"Hepatitis  A","2017","Colorado","1.2"
"Hepatitis  A","2016","Colorado","0.4"
"Hepatitis  A","2015","Colorado","0.5"
"Hepatitis  A","2014","Colorado","0.4"
"Hepatitis  A","2013","Colorado","1.0"
"Hepatitis  A","2012","Colorado","0.5"
"Hepatitis  A","2011","Colorado","0.4"
"Hepatitis  A","2010","Colorado","0.7"
"Hepatitis  A","2009","Colorado","1.0"
"Hepatitis  A","2008","Colorado","0.7"
"Hepatitis  A","2007","Colorado","0.5"
"Hepatitis  A","2006","Colorado","0.9"
"Hepatitis  A","2005","Colorado","1.0"
"Hepatitis  A","2004","Colorado","1.1"
"Hepatitis  A","2003","Colorado","1.4"
"Hepatitis  A","2002","Colorado","1.6"
"Hepatitis  A","2001","Colorado","2.0"
"Hepatitis  A","2000","Colorado","5.2"
"Acute Viral Hepatitis B","2017","Colorado","0.6"
"Acute Viral Hepatitis B","2016","Colorado","0.5"
"Acute Viral Hepatitis B","2015","Colorado","0.5"
"Acute Viral Hepatitis B","2014","Colorado","0.5"
"Acute Viral Hepatitis B","2013","Colorado","0.5"
"Acute Viral Hepatitis B","2012","Colorado","0.5"
"Acute Viral Hepatitis B","2011","Colorado","0.4"
"Acute Viral Hepatitis B","2010","Colorado","0.9"
"Acute Viral Hepatitis B","2009","Colorado","0.5"
"Acute Viral Hepatitis B","2008","Colorado","0.7"
"Acute Viral Hepatitis B","2007","Colorado","0.7"
"Acute Viral Hepatitis B","2006","Colorado","0.7"
"Acute Viral Hepatitis B","2005","Colorado","1.3"
"Acute Viral Hepatitis B","2004","Colorado","1.2"
"Acute Viral Hepatitis B","2003","Colorado","1.8"
"Acute Viral Hepatitis B","2002","Colorado","1.8"
"Acute Viral Hepatitis B","2001","Colorado","2.3"
"Acute Viral Hepatitis B","2000","Colorado","2.5"
"Hepatitis  A","2017","Connecticut","0.5"
"Hepatitis  A","2016","Connecticut","0.4"
"Hepatitis  A","2015","Connecticut","0.3"
"Hepatitis  A","2014","Connecticut","0.6"
"Hepatitis  A","2013","Connecticut","0.5"
"Hepatitis  A","2012","Connecticut","0.6"
"Hepatitis  A","2011","Connecticut","0.5"
"Hepatitis  A","2010","Connecticut","0.8"
"Hepatitis  A","2009","Connecticut","0.5"
"Hepatitis  A","2008","Connecticut","0.7"
"Hepatitis  A","2007","Connecticut","0.7"
"Hepatitis  A","2006","Connecticut","1.3"
"Hepatitis  A","2005","Connecticut","1.5"
"Hepatitis  A","2004","Connecticut","2.1"
"Hepatitis  A","2003","Connecticut","2.6"
"Hepatitis  A","2002","Connecticut","2.7"
"Hepatitis  A","2001","Connecticut","7.0"
"Hepatitis  A","2000","Connecticut","5.2"
"Acute Viral Hepatitis B","2017","Connecticut","0.3"
"Acute Viral Hepatitis B","2016","Connecticut","0.2"
"Acute Viral Hepatitis B","2015","Connecticut","0.2"
"Acute Viral Hepatitis B","2014","Connecticut","0.3"
"Acute Viral Hepatitis B","2013","Connecticut","0.2"
"Acute Viral Hepatitis B","2012","Connecticut","0.4"
"Acute Viral Hepatitis B","2011","Connecticut","0.5"
"Acute Viral Hepatitis B","2010","Connecticut","0.6"
"Acute Viral Hepatitis B","2009","Connecticut","0.5"
"Acute Viral Hepatitis B","2008","Connecticut","0.9"
"Acute Viral Hepatitis B","2007","Connecticut","1.1"
"Acute Viral Hepatitis B","2006","Connecticut","1.4"
"Acute Viral Hepatitis B","2005","Connecticut","1.4"
"Acute Viral Hepatitis B","2004","Connecticut","3.1"
"Acute Viral Hepatitis B","2003","Connecticut","2.8"
"Acute Viral Hepatitis B","2002","Connecticut","2.0"
"Acute Viral Hepatitis B","2001","Connecticut","1.4"
"Acute Viral Hepatitis B","2000","Connecticut","1.4"
"Hepatitis  A","2017","Delaware","0.6"
"Hepatitis  A","2016","Delaware","0.1"
"Hepatitis  A","2015","Delaware","0.2"
"Hepatitis  A","2014","Delaware","0.1"
"Hepatitis  A","2013","Delaware","0.4"
"Hepatitis  A","2012","Delaware","1.0"
"Hepatitis  A","2011","Delaware","0.2"
"Hepatitis  A","2010","Delaware","0.8"
"Hepatitis  A","2009","Delaware","0.5"
"Hepatitis  A","2008","Delaware","0.8"
"Hepatitis  A","2007","Delaware","1.0"
"Hepatitis  A","2006","Delaware","1.5"
"Hepatitis  A","2005","Delaware","0.7"
"Hepatitis  A","2004","Delaware","0.7"
"Hepatitis  A","2003","Delaware","1.1"
"Hepatitis  A","2002","Delaware","1.9"
"Hepatitis  A","2001","Delaware","2.0"
"Hepatitis  A","2000","Delaware","1.9"
"Acute Viral Hepatitis B","2017","Delaware","0.9"
"Acute Viral Hepatitis B","2016","Delaware","0.3"
"Acute Viral Hepatitis B","2015","Delaware","0.8"
"Acute Viral Hepatitis B","2014","Delaware","0.9"
"Acute Viral Hepatitis B","2013","Delaware","1.5"
"Acute Viral Hepatitis B","2012","Delaware","1.2"
"Acute Viral Hepatitis B","2011","Delaware","1.4"
"Acute Viral Hepatitis B","2010","Delaware","Data not available"
"Acute Viral Hepatitis B","2009","Delaware","Data not available"
"Acute Viral Hepatitis B","2008","Delaware","Data not available"
"Acute Viral Hepatitis B","2007","Delaware","1.7"
"Acute Viral Hepatitis B","2006","Delaware","5.5"
"Acute Viral Hepatitis B","2005","Delaware","4.4"
"Acute Viral Hepatitis B","2004","Delaware","6.4"
"Acute Viral Hepatitis B","2003","Delaware","1.7"
"Acute Viral Hepatitis B","2002","Delaware","1.7"
"Acute Viral Hepatitis B","2001","Delaware","3.6"
"Acute Viral Hepatitis B","2000","Delaware","1.9"
"Hepatitis  A","2017","District of Columbia","0.4"
"Hepatitis  A","2016","District of Columbia","0.6"
"Hepatitis  A","2015","District of Columbia","Data not available"
"Hepatitis  A","2014","District of Columbia","Data not available"
"Hepatitis  A","2013","District of Columbia","Data not available"
"Hepatitis  A","2012","District of Columbia","Data not available"
"Hepatitis  A","2011","District of Columbia","Data not available"
"Hepatitis  A","2010","District of Columbia","0.2"
"Hepatitis  A","2009","District of Columbia","0.2"
"Hepatitis  A","2008","District of Columbia","Data not available"
"Hepatitis  A","2007","District of Columbia","Data not available"
"Hepatitis  A","2006","District of Columbia","1.7"
"Hepatitis  A","2005","District of Columbia","1.0"
"Hepatitis  A","2004","District of Columbia","1.3"
"Hepatitis  A","2003","District of Columbia","7.7"
"Hepatitis  A","2002","District of Columbia","14.3"
"Hepatitis  A","2001","District of Columbia","14.0"
"Hepatitis  A","2000","District of Columbia","7.0"
"Acute Viral Hepatitis B","2017","District of Columbia","Data not available"
"Acute Viral Hepatitis B","2016","District of Columbia","Data not available"
"Acute Viral Hepatitis B","2015","District of Columbia","Data not available"
"Acute Viral Hepatitis B","2014","District of Columbia","Data not available"
"Acute Viral Hepatitis B","2013","District of Columbia","Data not available"
"Acute Viral Hepatitis B","2012","District of Columbia","Data not available"
"Acute Viral Hepatitis B","2011","District of Columbia","Data not available"
"Acute Viral Hepatitis B","2010","District of Columbia","0.5"
"Acute Viral Hepatitis B","2009","District of Columbia","1.7"
"Acute Viral Hepatitis B","2008","District of Columbia","Data not available"
"Acute Viral Hepatitis B","2007","District of Columbia","Data not available"
"Acute Viral Hepatitis B","2006","District of Columbia","1.5"
"Acute Viral Hepatitis B","2005","District of Columbia","2.4"
"Acute Viral Hepatitis B","2004","District of Columbia","3.4"
"Acute Viral Hepatitis B","2003","District of Columbia","2.3"
"Acute Viral Hepatitis B","2002","District of Columbia","3.9"
"Acute Viral Hepatitis B","2001","District of Columbia","2.3"
"Acute Viral Hepatitis B","2000","District of Columbia","6.1"
"Hepatitis  A","2017","Florida","1.2"
"Hepatitis  A","2016","Florida","0.6"
"Hepatitis  A","2015","Florida","0.5"
"Hepatitis  A","2014","Florida","0.5"
"Hepatitis  A","2013","Florida","0.6"
"Hepatitis  A","2012","Florida","0.5"
"Hepatitis  A","2011","Florida","0.5"
"Hepatitis  A","2010","Florida","0.7"
"Hepatitis  A","2009","Florida","0.9"
"Hepatitis  A","2008","Florida","0.8"
"Hepatitis  A","2007","Florida","0.8"
"Hepatitis  A","2006","Florida","1.2"
"Hepatitis  A","2005","Florida","1.5"
"Hepatitis  A","2004","Florida","1.5"
"Hepatitis  A","2003","Florida","2.3"
"Hepatitis  A","2002","Florida","6.3"
"Hepatitis  A","2001","Florida","5.2"
"Hepatitis  A","2000","Florida","4.1"
"Acute Viral Hepatitis B","2017","Florida","2.8"
"Acute Viral Hepatitis B","2016","Florida","2.7"
"Acute Viral Hepatitis B","2015","Florida","2.1"
"Acute Viral Hepatitis B","2014","Florida","1.6"
"Acute Viral Hepatitis B","2013","Florida","1.7"
"Acute Viral Hepatitis B","2012","Florida","1.3"
"Acute Viral Hepatitis B","2011","Florida","1.1"
"Acute Viral Hepatitis B","2010","Florida","1.6"
"Acute Viral Hepatitis B","2009","Florida","1.6"
"Acute Viral Hepatitis B","2008","Florida","1.9"
"Acute Viral Hepatitis B","2007","Florida","1.8"
"Acute Viral Hepatitis B","2006","Florida","2.3"
"Acute Viral Hepatitis B","2005","Florida","2.7"
"Acute Viral Hepatitis B","2004","Florida","2.9"
"Acute Viral Hepatitis B","2003","Florida","3.7"
"Acute Viral Hepatitis B","2002","Florida","3.3"
"Acute Viral Hepatitis B","2001","Florida","3.1"
"Acute Viral Hepatitis B","2000","Florida","3.8"
"Hepatitis  A","2017","Georgia","0.2"
"Hepatitis  A","2016","Georgia","0.4"
"Hepatitis  A","2015","Georgia","0.3"
"Hepatitis  A","2014","Georgia","0.2"
"Hepatitis  A","2013","Georgia","0.4"
"Hepatitis  A","2012","Georgia","0.5"
"Hepatitis  A","2011","Georgia","0.3"
"Hepatitis  A","2010","Georgia","0.4"
"Hepatitis  A","2009","Georgia","0.5"
"Hepatitis  A","2008","Georgia","0.6"
"Hepatitis  A","2007","Georgia","0.7"
"Hepatitis  A","2006","Georgia","0.6"
"Hepatitis  A","2005","Georgia","1.4"
"Hepatitis  A","2004","Georgia","3.6"
"Hepatitis  A","2003","Georgia","9.1"
"Hepatitis  A","2002","Georgia","6.0"
"Hepatitis  A","2001","Georgia","11.1"
"Hepatitis  A","2000","Georgia","4.6"
"Acute Viral Hepatitis B","2017","Georgia","1.0"
"Acute Viral Hepatitis B","2016","Georgia","1.0"
"Acute Viral Hepatitis B","2015","Georgia","1.2"
"Acute Viral Hepatitis B","2014","Georgia","1.0"
"Acute Viral Hepatitis B","2013","Georgia","1.0"
"Acute Viral Hepatitis B","2012","Georgia","1.1"
"Acute Viral Hepatitis B","2011","Georgia","1.4"
"Acute Viral Hepatitis B","2010","Georgia","1.7"
"Acute Viral Hepatitis B","2009","Georgia","1.5"
"Acute Viral Hepatitis B","2008","Georgia","1.9"
"Acute Viral Hepatitis B","2007","Georgia","1.6"
"Acute Viral Hepatitis B","2006","Georgia","2.2"
"Acute Viral Hepatitis B","2005","Georgia","2.2"
"Acute Viral Hepatitis B","2004","Georgia","1.2"
"Acute Viral Hepatitis B","2003","Georgia","7.7"
"Acute Viral Hepatitis B","2002","Georgia","5.7"
"Acute Viral Hepatitis B","2001","Georgia","5.2"
"Acute Viral Hepatitis B","2000","Georgia","4.3"
"Hepatitis  A","2017","Hawaii","0.6"
"Hepatitis  A","2016","Hawaii","20.0"
"Hepatitis  A","2015","Hawaii","0.4"
"Hepatitis  A","2014","Hawaii","0.4"
"Hepatitis  A","2013","Hawaii","1.1"
"Hepatitis  A","2012","Hawaii","0.4"
"Hepatitis  A","2011","Hawaii","0.6"
"Hepatitis  A","2010","Hawaii","0.6"
"Hepatitis  A","2009","Hawaii","0.8"
"Hepatitis  A","2008","Hawaii","1.6"
"Hepatitis  A","2007","Hawaii","0.5"
"Hepatitis  A","2006","Hawaii","0.9"
"Hepatitis  A","2005","Hawaii","1.9"
"Hepatitis  A","2004","Hawaii","2.1"
"Hepatitis  A","2003","Hawaii","1.0"
"Hepatitis  A","2002","Hawaii","2.0"
"Hepatitis  A","2001","Hawaii","1.4"
"Hepatitis  A","2000","Hawaii","1.1"
"Acute Viral Hepatitis B","2017","Hawaii","0.0"
"Acute Viral Hepatitis B","2016","Hawaii","Data not available"
"Acute Viral Hepatitis B","2015","Hawaii","1.0"
"Acute Viral Hepatitis B","2014","Hawaii","0.4"
"Acute Viral Hepatitis B","2013","Hawaii","0.3"
"Acute Viral Hepatitis B","2012","Hawaii","0.4"
"Acute Viral Hepatitis B","2011","Hawaii","0.4"
"Acute Viral Hepatitis B","2010","Hawaii","0.4"
"Acute Viral Hepatitis B","2009","Hawaii","0.5"
"Acute Viral Hepatitis B","2008","Hawaii","0.5"
"Acute Viral Hepatitis B","2007","Hawaii","1.3"
"Acute Viral Hepatitis B","2006","Hawaii","0.6"
"Acute Viral Hepatitis B","2005","Hawaii","0.8"
"Acute Viral Hepatitis B","2004","Hawaii","0.9"
"Acute Viral Hepatitis B","2003","Hawaii","2.2"
"Acute Viral Hepatitis B","2002","Hawaii","1.0"
"Acute Viral Hepatitis B","2001","Hawaii","1.8"
"Acute Viral Hepatitis B","2000","Hawaii","1.0"
"Hepatitis  A","2017","Idaho","0.2"
"Hepatitis  A","2016","Idaho","0.4"
"Hepatitis  A","2015","Idaho","0.5"
"Hepatitis  A","2014","Idaho","0.4"
"Hepatitis  A","2013","Idaho","0.5"
"Hepatitis  A","2012","Idaho","0.7"
"Hepatitis  A","2011","Idaho","0.4"
"Hepatitis  A","2010","Idaho","0.5"
"Hepatitis  A","2009","Idaho","0.3"
"Hepatitis  A","2008","Idaho","1.1"
"Hepatitis  A","2007","Idaho","0.5"
"Hepatitis  A","2006","Idaho","0.6"
"Hepatitis  A","2005","Idaho","1.4"
"Hepatitis  A","2004","Idaho","1.4"
"Hepatitis  A","2003","Idaho","1.3"
"Hepatitis  A","2002","Idaho","2.3"
"Hepatitis  A","2001","Idaho","4.3"
"Hepatitis  A","2000","Idaho","3.5"
"Acute Viral Hepatitis B","2017","Idaho","0.3"
"Acute Viral Hepatitis B","2016","Idaho","0.4"
"Acute Viral Hepatitis B","2015","Idaho","0.5"
"Acute Viral Hepatitis B","2014","Idaho","0.4"
"Acute Viral Hepatitis B","2013","Idaho","0.8"
"Acute Viral Hepatitis B","2012","Idaho","0.3"
"Acute Viral Hepatitis B","2011","Idaho","0.1"
"Acute Viral Hepatitis B","2010","Idaho","0.4"
"Acute Viral Hepatitis B","2009","Idaho","0.7"
"Acute Viral Hepatitis B","2008","Idaho","0.8"
"Acute Viral Hepatitis B","2007","Idaho","1.0"
"Acute Viral Hepatitis B","2006","Idaho","1.0"
"Acute Viral Hepatitis B","2005","Idaho","1.0"
"Acute Viral Hepatitis B","2004","Idaho","1.0"
"Acute Viral Hepatitis B","2003","Idaho","0.6"
"Acute Viral Hepatitis B","2002","Idaho","0.5"
"Acute Viral Hepatitis B","2001","Idaho","0.8"
"Acute Viral Hepatitis B","2000","Idaho","0.8"
"Hepatitis  A","2017","Illinois","0.6"
"Hepatitis  A","2016","Illinois","0.6"
"Hepatitis  A","2015","Illinois","0.4"
"Hepatitis  A","2014","Illinois","0.6"
"Hepatitis  A","2013","Illinois","0.6"
"Hepatitis  A","2012","Illinois","0.5"
"Hepatitis  A","2011","Illinois","0.6"
"Hepatitis  A","2010","Illinois","0.4"
"Hepatitis  A","2009","Illinois","1.0"
"Hepatitis  A","2008","Illinois","0.9"
"Hepatitis  A","2007","Illinois","0.9"
"Hepatitis  A","2006","Illinois","0.8"
"Hepatitis  A","2005","Illinois","1.0"
"Hepatitis  A","2004","Illinois","1.2"
"Hepatitis  A","2003","Illinois","1.5"
"Hepatitis  A","2002","Illinois","2.1"
"Hepatitis  A","2001","Illinois","3.5"
"Hepatitis  A","2000","Illinois","5.6"
"Acute Viral Hepatitis B","2017","Illinois","0.2"
"Acute Viral Hepatitis B","2016","Illinois","0.3"
"Acute Viral Hepatitis B","2015","Illinois","0.4"
"Acute Viral Hepatitis B","2014","Illinois","0.5"
"Acute Viral Hepatitis B","2013","Illinois","0.7"
"Acute Viral Hepatitis B","2012","Illinois","0.7"
"Acute Viral Hepatitis B","2011","Illinois","0.7"
"Acute Viral Hepatitis B","2010","Illinois","1.1"
"Acute Viral Hepatitis B","2009","Illinois","0.9"
"Acute Viral Hepatitis B","2008","Illinois","1.4"
"Acute Viral Hepatitis B","2007","Illinois","1.0"
"Acute Viral Hepatitis B","2006","Illinois","1.0"
"Acute Viral Hepatitis B","2005","Illinois","1.2"
"Acute Viral Hepatitis B","2004","Illinois","0.9"
"Acute Viral Hepatitis B","2003","Illinois","1.0"
"Acute Viral Hepatitis B","2002","Illinois","1.5"
"Acute Viral Hepatitis B","2001","Illinois","1.7"
"Acute Viral Hepatitis B","2000","Illinois","1.4"
"Hepatitis  A","2017","Indiana","0.3"
"Hepatitis  A","2016","Indiana","0.3"
"Hepatitis  A","2015","Indiana","0.3"
"Hepatitis  A","2014","Indiana","0.3"
"Hepatitis  A","2013","Indiana","0.5"
"Hepatitis  A","2012","Indiana","0.2"
"Hepatitis  A","2011","Indiana","0.4"
"Hepatitis  A","2010","Indiana","0.2"
"Hepatitis  A","2009","Indiana","0.3"
"Hepatitis  A","2008","Indiana","0.3"
"Hepatitis  A","2007","Indiana","0.4"
"Hepatitis  A","2006","Indiana","0.5"
"Hepatitis  A","2005","Indiana","0.4"
"Hepatitis  A","2004","Indiana","1.0"
"Hepatitis  A","2003","Indiana","1.2"
"Hepatitis  A","2002","Indiana","0.8"
"Hepatitis  A","2001","Indiana","1.7"
"Hepatitis  A","2000","Indiana","2.2"
"Acute Viral Hepatitis B","2017","Indiana","2.5"
"Acute Viral Hepatitis B","2016","Indiana","2.2"
"Acute Viral Hepatitis B","2015","Indiana","2.0"
"Acute Viral Hepatitis B","2014","Indiana","1.9"
"Acute Viral Hepatitis B","2013","Indiana","1.5"
"Acute Viral Hepatitis B","2012","Indiana","1.4"
"Acute Viral Hepatitis B","2011","Indiana","1.1"
"Acute Viral Hepatitis B","2010","Indiana","1.2"
"Acute Viral Hepatitis B","2009","Indiana","1.2"
"Acute Viral Hepatitis B","2008","Indiana","1.1"
"Acute Viral Hepatitis B","2007","Indiana","1.0"
"Acute Viral Hepatitis B","2006","Indiana","1.3"
"Acute Viral Hepatitis B","2005","Indiana","0.9"
"Acute Viral Hepatitis B","2004","Indiana","1.3"
"Acute Viral Hepatitis B","2003","Indiana","1.1"
"Acute Viral Hepatitis B","2002","Indiana","1.4"
"Acute Viral Hepatitis B","2001","Indiana","1.2"
"Acute Viral Hepatitis B","2000","Indiana","1.4"
"Hepatitis  A","2017","Iowa","0.3"
"Hepatitis  A","2016","Iowa","0.5"
"Hepatitis  A","2015","Iowa","0.5"
"Hepatitis  A","2014","Iowa","0.4"
"Hepatitis  A","2013","Iowa","0.6"
"Hepatitis  A","2012","Iowa","0.2"
"Hepatitis  A","2011","Iowa","0.3"
"Hepatitis  A","2010","Iowa","0.4"
"Hepatitis  A","2009","Iowa","1.3"
"Hepatitis  A","2008","Iowa","3.6"
"Hepatitis  A","2007","Iowa","1.6"
"Hepatitis  A","2006","Iowa","0.4"
"Hepatitis  A","2005","Iowa","0.7"
"Hepatitis  A","2004","Iowa","1.7"
"Hepatitis  A","2003","Iowa","1.4"
"Hepatitis  A","2002","Iowa","2.2"
"Hepatitis  A","2001","Iowa","1.2"
"Hepatitis  A","2000","Iowa","2.3"
"Acute Viral Hepatitis B","2017","Iowa","0.4"
"Acute Viral Hepatitis B","2016","Iowa","0.3"
"Acute Viral Hepatitis B","2015","Iowa","0.5"
"Acute Viral Hepatitis B","2014","Iowa","0.3"
"Acute Viral Hepatitis B","2013","Iowa","0.4"
"Acute Viral Hepatitis B","2012","Iowa","0.4"
"Acute Viral Hepatitis B","2011","Iowa","0.5"
"Acute Viral Hepatitis B","2010","Iowa","0.5"
"Acute Viral Hepatitis B","2009","Iowa","1.2"
"Acute Viral Hepatitis B","2008","Iowa","0.8"
"Acute Viral Hepatitis B","2007","Iowa","0.9"
"Acute Viral Hepatitis B","2006","Iowa","0.7"
"Acute Viral Hepatitis B","2005","Iowa","1.1"
"Acute Viral Hepatitis B","2004","Iowa","0.6"
"Acute Viral Hepatitis B","2003","Iowa","0.6"
"Acute Viral Hepatitis B","2002","Iowa","0.7"
"Acute Viral Hepatitis B","2001","Iowa","0.8"
"Acute Viral Hepatitis B","2000","Iowa","1.3"
"Hepatitis  A","2017","Kansas","0.2"
"Hepatitis  A","2016","Kansas","0.2"
"Hepatitis  A","2015","Kansas","0.2"
"Hepatitis  A","2014","Kansas","0.2"
"Hepatitis  A","2013","Kansas","0.4"
"Hepatitis  A","2012","Kansas","0.5"
"Hepatitis  A","2011","Kansas","0.1"
"Hepatitis  A","2010","Kansas","0.5"
"Hepatitis  A","2009","Kansas","0.4"
"Hepatitis  A","2008","Kansas","0.5"
"Hepatitis  A","2007","Kansas","0.4"
"Hepatitis  A","2006","Kansas","1.0"
"Hepatitis  A","2005","Kansas","0.6"
"Hepatitis  A","2004","Kansas","0.8"
"Hepatitis  A","2003","Kansas","1.0"
"Hepatitis  A","2002","Kansas","2.6"
"Hepatitis  A","2001","Kansas","6.7"
"Hepatitis  A","2000","Kansas","4.1"
"Acute Viral Hepatitis B","2017","Kansas","0.8"
"Acute Viral Hepatitis B","2016","Kansas","0.7"
"Acute Viral Hepatitis B","2015","Kansas","0.7"
"Acute Viral Hepatitis B","2014","Kansas","0.4"
"Acute Viral Hepatitis B","2013","Kansas","0.4"
"Acute Viral Hepatitis B","2012","Kansas","0.3"
"Acute Viral Hepatitis B","2011","Kansas","0.5"
"Acute Viral Hepatitis B","2010","Kansas","0.4"
"Acute Viral Hepatitis B","2009","Kansas","0.2"
"Acute Viral Hepatitis B","2008","Kansas","0.3"
"Acute Viral Hepatitis B","2007","Kansas","0.3"
"Acute Viral Hepatitis B","2006","Kansas","0.4"
"Acute Viral Hepatitis B","2005","Kansas","1.2"
"Acute Viral Hepatitis B","2004","Kansas","0.7"
"Acute Viral Hepatitis B","2003","Kansas","0.7"
"Acute Viral Hepatitis B","2002","Kansas","0.9"
"Acute Viral Hepatitis B","2001","Kansas","0.5"
"Acute Viral Hepatitis B","2000","Kansas","1.0"
"Hepatitis  A","2017","Kentucky","1.6"
"Hepatitis  A","2016","Kentucky","0.2"
"Hepatitis  A","2015","Kentucky","0.4"
"Hepatitis  A","2014","Kentucky","0.4"
"Hepatitis  A","2013","Kentucky","0.5"
"Hepatitis  A","2012","Kentucky","0.6"
"Hepatitis  A","2011","Kentucky","0.2"
"Hepatitis  A","2010","Kentucky","0.6"
"Hepatitis  A","2009","Kentucky","0.3"
"Hepatitis  A","2008","Kentucky","0.7"
"Hepatitis  A","2007","Kentucky","0.5"
"Hepatitis  A","2006","Kentucky","0.8"
"Hepatitis  A","2005","Kentucky","0.6"
"Hepatitis  A","2004","Kentucky","0.7"
"Hepatitis  A","2003","Kentucky","0.9"
"Hepatitis  A","2002","Kentucky","1.1"
"Hepatitis  A","2001","Kentucky","3.6"
"Hepatitis  A","2000","Kentucky","1.6"
"Acute Viral Hepatitis B","2017","Kentucky","5.3"
"Acute Viral Hepatitis B","2016","Kentucky","5.0"
"Acute Viral Hepatitis B","2015","Kentucky","3.7"
"Acute Viral Hepatitis B","2014","Kentucky","3.7"
"Acute Viral Hepatitis B","2013","Kentucky","4.9"
"Acute Viral Hepatitis B","2012","Kentucky","4.1"
"Acute Viral Hepatitis B","2011","Kentucky","3.5"
"Acute Viral Hepatitis B","2010","Kentucky","3.1"
"Acute Viral Hepatitis B","2009","Kentucky","2.1"
"Acute Viral Hepatitis B","2008","Kentucky","2.4"
"Acute Viral Hepatitis B","2007","Kentucky","1.8"
"Acute Viral Hepatitis B","2006","Kentucky","1.6"
"Acute Viral Hepatitis B","2005","Kentucky","1.6"
"Acute Viral Hepatitis B","2004","Kentucky","2.1"
"Acute Viral Hepatitis B","2003","Kentucky","2.3"
"Acute Viral Hepatitis B","2002","Kentucky","1.6"
"Acute Viral Hepatitis B","2001","Kentucky","1.6"
"Acute Viral Hepatitis B","2000","Kentucky","2.0"
"Hepatitis  A","2017","Louisiana","0.2"
"Hepatitis  A","2016","Louisiana","0.3"
"Hepatitis  A","2015","Louisiana","0.1"
"Hepatitis  A","2014","Louisiana","0.1"
"Hepatitis  A","2013","Louisiana","0.3"
"Hepatitis  A","2012","Louisiana","0.2"
"Hepatitis  A","2011","Louisiana","0.1"
"Hepatitis  A","2010","Louisiana","0.2"
"Hepatitis  A","2009","Louisiana","0.1"
"Hepatitis  A","2008","Louisiana","0.3"
"Hepatitis  A","2007","Louisiana","0.7"
"Hepatitis  A","2006","Louisiana","0.9"
"Hepatitis  A","2005","Louisiana","1.4"
"Hepatitis  A","2004","Louisiana","1.1"
"Hepatitis  A","2003","Louisiana","1.1"
"Hepatitis  A","2002","Louisiana","2.0"
"Hepatitis  A","2001","Louisiana","1.9"
"Hepatitis  A","2000","Louisiana","2.4"
"Acute Viral Hepatitis B","2017","Louisiana","1.6"
"Acute Viral Hepatitis B","2016","Louisiana","1.0"
"Acute Viral Hepatitis B","2015","Louisiana","1.9"
"Acute Viral Hepatitis B","2014","Louisiana","1.9"
"Acute Viral Hepatitis B","2013","Louisiana","1.8"
"Acute Viral Hepatitis B","2012","Louisiana","1.0"
"Acute Viral Hepatitis B","2011","Louisiana","1.4"
"Acute Viral Hepatitis B","2010","Louisiana","1.2"
"Acute Viral Hepatitis B","2009","Louisiana","1.6"
"Acute Viral Hepatitis B","2008","Louisiana","2.1"
"Acute Viral Hepatitis B","2007","Louisiana","2.3"
"Acute Viral Hepatitis B","2006","Louisiana","1.5"
"Acute Viral Hepatitis B","2005","Louisiana","1.5"
"Acute Viral Hepatitis B","2004","Louisiana","1.5"
"Acute Viral Hepatitis B","2003","Louisiana","2.6"
"Acute Viral Hepatitis B","2002","Louisiana","3.0"
"Acute Viral Hepatitis B","2001","Louisiana","2.8"
"Acute Viral Hepatitis B","2000","Louisiana","3.5"
"Hepatitis  A","2017","Maine","0.5"
"Hepatitis  A","2016","Maine","0.6"
"Hepatitis  A","2015","Maine","0.6"
"Hepatitis  A","2014","Maine","0.6"
"Hepatitis  A","2013","Maine","0.8"
"Hepatitis  A","2012","Maine","0.7"
"Hepatitis  A","2011","Maine","0.5"
"Hepatitis  A","2010","Maine","0.5"
"Hepatitis  A","2009","Maine","0.1"
"Hepatitis  A","2008","Maine","1.4"
"Hepatitis  A","2007","Maine","0.4"
"Hepatitis  A","2006","Maine","0.6"
"Hepatitis  A","2005","Maine","0.6"
"Hepatitis  A","2004","Maine","1.3"
"Hepatitis  A","2003","Maine","1.6"
"Hepatitis  A","2002","Maine","0.6"
"Hepatitis  A","2001","Maine","0.9"
"Hepatitis  A","2000","Maine","1.7"
"Acute Viral Hepatitis B","2017","Maine","5.8"
"Acute Viral Hepatitis B","2016","Maine","4.0"
"Acute Viral Hepatitis B","2015","Maine","0.7"
"Acute Viral Hepatitis B","2014","Maine","0.9"
"Acute Viral Hepatitis B","2013","Maine","0.8"
"Acute Viral Hepatitis B","2012","Maine","0.7"
"Acute Viral Hepatitis B","2011","Maine","0.6"
"Acute Viral Hepatitis B","2010","Maine","1.0"
"Acute Viral Hepatitis B","2009","Maine","1.1"
"Acute Viral Hepatitis B","2008","Maine","1.1"
"Acute Viral Hepatitis B","2007","Maine","1.4"
"Acute Viral Hepatitis B","2006","Maine","2.0"
"Acute Viral Hepatitis B","2005","Maine","1.1"
"Acute Viral Hepatitis B","2004","Maine","0.9"
"Acute Viral Hepatitis B","2003","Maine","0.5"
"Acute Viral Hepatitis B","2002","Maine","1.1"
"Acute Viral Hepatitis B","2001","Maine","0.5"
"Acute Viral Hepatitis B","2000","Maine","0.4"
"Hepatitis  A","2017","Maryland","0.5"
"Hepatitis  A","2016","Maryland","0.6"
"Hepatitis  A","2015","Maryland","0.3"
"Hepatitis  A","2014","Maryland","0.5"
"Hepatitis  A","2013","Maryland","0.5"
"Hepatitis  A","2012","Maryland","0.5"
"Hepatitis  A","2011","Maryland","0.4"
"Hepatitis  A","2010","Maryland","0.4"
"Hepatitis  A","2009","Maryland","0.8"
"Hepatitis  A","2008","Maryland","0.8"
"Hepatitis  A","2007","Maryland","1.3"
"Hepatitis  A","2006","Maryland","1.1"
"Hepatitis  A","2005","Maryland","1.5"
"Hepatitis  A","2004","Maryland","1.9"
"Hepatitis  A","2003","Maryland","3.2"
"Hepatitis  A","2002","Maryland","5.5"
"Hepatitis  A","2001","Maryland","5.5"
"Hepatitis  A","2000","Maryland","4.0"
"Acute Viral Hepatitis B","2017","Maryland","0.6"
"Acute Viral Hepatitis B","2016","Maryland","0.4"
"Acute Viral Hepatitis B","2015","Maryland","0.7"
"Acute Viral Hepatitis B","2014","Maryland","0.7"
"Acute Viral Hepatitis B","2013","Maryland","0.7"
"Acute Viral Hepatitis B","2012","Maryland","0.9"
"Acute Viral Hepatitis B","2011","Maryland","1.1"
"Acute Viral Hepatitis B","2010","Maryland","1.2"
"Acute Viral Hepatitis B","2009","Maryland","1.3"
"Acute Viral Hepatitis B","2008","Maryland","1.5"
"Acute Viral Hepatitis B","2007","Maryland","2.0"
"Acute Viral Hepatitis B","2006","Maryland","2.6"
"Acute Viral Hepatitis B","2005","Maryland","2.9"
"Acute Viral Hepatitis B","2004","Maryland","2.8"
"Acute Viral Hepatitis B","2003","Maryland","2.4"
"Acute Viral Hepatitis B","2002","Maryland","2.4"
"Acute Viral Hepatitis B","2001","Maryland","2.6"
"Acute Viral Hepatitis B","2000","Maryland","2.5"
"Hepatitis  A","2017","Massachusetts","0.8"
"Hepatitis  A","2016","Massachusetts","0.9"
"Hepatitis  A","2015","Massachusetts","0.5"
"Hepatitis  A","2014","Massachusetts","0.6"
"Hepatitis  A","2013","Massachusetts","0.6"
"Hepatitis  A","2012","Massachusetts","0.6"
"Hepatitis  A","2011","Massachusetts","0.6"
"Hepatitis  A","2010","Massachusetts","0.7"
"Hepatitis  A","2009","Massachusetts","1.1"
"Hepatitis  A","2008","Massachusetts","0.9"
"Hepatitis  A","2007","Massachusetts","1.0"
"Hepatitis  A","2006","Massachusetts","1.3"
"Hepatitis  A","2005","Massachusetts","4.5"
"Hepatitis  A","2004","Massachusetts","10.3"
"Hepatitis  A","2003","Massachusetts","3.4"
"Hepatitis  A","2002","Massachusetts","2.2"
"Hepatitis  A","2001","Massachusetts","5.9"
"Hepatitis  A","2000","Massachusetts","2.2"
"Acute Viral Hepatitis B","2017","Massachusetts","0.7"
"Acute Viral Hepatitis B","2016","Massachusetts","0.5"
"Acute Viral Hepatitis B","2015","Massachusetts","0.4"
"Acute Viral Hepatitis B","2014","Massachusetts","0.4"
"Acute Viral Hepatitis B","2013","Massachusetts","1.1"
"Acute Viral Hepatitis B","2012","Massachusetts","1.1"
"Acute Viral Hepatitis B","2011","Massachusetts","1.0"
"Acute Viral Hepatitis B","2010","Massachusetts","0.2"
"Acute Viral Hepatitis B","2009","Massachusetts","0.3"
"Acute Viral Hepatitis B","2008","Massachusetts","0.3"
"Acute Viral Hepatitis B","2007","Massachusetts","0.7"
"Acute Viral Hepatitis B","2006","Massachusetts","0.3"
"Acute Viral Hepatitis B","2005","Massachusetts","0.8"
"Acute Viral Hepatitis B","2004","Massachusetts","3.1"
"Acute Viral Hepatitis B","2003","Massachusetts","3.3"
"Acute Viral Hepatitis B","2002","Massachusetts","2.6"
"Acute Viral Hepatitis B","2001","Massachusetts","0.6"
"Acute Viral Hepatitis B","2000","Massachusetts","0.2"
"Hepatitis  A","2017","Michigan","6.7"
"Hepatitis  A","2016","Michigan","1.1"
"Hepatitis  A","2015","Michigan","0.5"
"Hepatitis  A","2014","Michigan","0.5"
"Hepatitis  A","2013","Michigan","0.8"
"Hepatitis  A","2012","Michigan","1.0"
"Hepatitis  A","2011","Michigan","0.7"
"Hepatitis  A","2010","Michigan","0.7"
"Hepatitis  A","2009","Michigan","0.7"
"Hepatitis  A","2008","Michigan","1.2"
"Hepatitis  A","2007","Michigan","1.0"
"Hepatitis  A","2006","Michigan","1.2"
"Hepatitis  A","2005","Michigan","1.0"
"Hepatitis  A","2004","Michigan","1.4"
"Hepatitis  A","2003","Michigan","2.0"
"Hepatitis  A","2002","Michigan","2.2"
"Hepatitis  A","2001","Michigan","3.3"
"Hepatitis  A","2000","Michigan","4.9"
"Acute Viral Hepatitis B","2017","Michigan","0.6"
"Acute Viral Hepatitis B","2016","Michigan","0.5"
"Acute Viral Hepatitis B","2015","Michigan","0.6"
"Acute Viral Hepatitis B","2014","Michigan","0.5"
"Acute Viral Hepatitis B","2013","Michigan","0.5"
"Acute Viral Hepatitis B","2012","Michigan","0.8"
"Acute Viral Hepatitis B","2011","Michigan","0.9"
"Acute Viral Hepatitis B","2010","Michigan","1.2"
"Acute Viral Hepatitis B","2009","Michigan","1.3"
"Acute Viral Hepatitis B","2008","Michigan","1.5"
"Acute Viral Hepatitis B","2007","Michigan","1.2"
"Acute Viral Hepatitis B","2006","Michigan","1.4"
"Acute Viral Hepatitis B","2005","Michigan","1.7"
"Acute Viral Hepatitis B","2004","Michigan","2.4"
"Acute Viral Hepatitis B","2003","Michigan","2.2"
"Acute Viral Hepatitis B","2002","Michigan","3.3"
"Acute Viral Hepatitis B","2001","Michigan","6.2"
"Acute Viral Hepatitis B","2000","Michigan","4.3"
"Hepatitis  A","2017","Minnesota","0.5"
"Hepatitis  A","2016","Minnesota","0.3"
"Hepatitis  A","2015","Minnesota","0.4"
"Hepatitis  A","2014","Minnesota","0.3"
"Hepatitis  A","2013","Minnesota","0.6"
"Hepatitis  A","2012","Minnesota","0.5"
"Hepatitis  A","2011","Minnesota","0.5"
"Hepatitis  A","2010","Minnesota","0.7"
"Hepatitis  A","2009","Minnesota","0.6"
"Hepatitis  A","2008","Minnesota","0.9"
"Hepatitis  A","2007","Minnesota","1.8"
"Hepatitis  A","2006","Minnesota","0.6"
"Hepatitis  A","2005","Minnesota","0.6"
"Hepatitis  A","2004","Minnesota","1.1"
"Hepatitis  A","2003","Minnesota","1.0"
"Hepatitis  A","2002","Minnesota","1.1"
"Hepatitis  A","2001","Minnesota","0.9"
"Hepatitis  A","2000","Minnesota","3.7"
"Acute Viral Hepatitis B","2017","Minnesota","0.4"
"Acute Viral Hepatitis B","2016","Minnesota","0.4"
"Acute Viral Hepatitis B","2015","Minnesota","0.3"
"Acute Viral Hepatitis B","2014","Minnesota","0.3"
"Acute Viral Hepatitis B","2013","Minnesota","0.4"
"Acute Viral Hepatitis B","2012","Minnesota","0.3"
"Acute Viral Hepatitis B","2011","Minnesota","0.4"
"Acute Viral Hepatitis B","2010","Minnesota","0.4"
"Acute Viral Hepatitis B","2009","Minnesota","0.7"
"Acute Viral Hepatitis B","2008","Minnesota","0.5"
"Acute Viral Hepatitis B","2007","Minnesota","0.5"
"Acute Viral Hepatitis B","2006","Minnesota","0.6"
"Acute Viral Hepatitis B","2005","Minnesota","0.8"
"Acute Viral Hepatitis B","2004","Minnesota","1.3"
"Acute Viral Hepatitis B","2003","Minnesota","1.1"
"Acute Viral Hepatitis B","2002","Minnesota","1.0"
"Acute Viral Hepatitis B","2001","Minnesota","0.9"
"Acute Viral Hepatitis B","2000","Minnesota","1.2"
"Hepatitis  A","2017","Mississippi","0.1"
"Hepatitis  A","2016","Mississippi","0.1"
"Hepatitis  A","2015","Mississippi","0.1"
"Hepatitis  A","2014","Mississippi","0.1"
"Hepatitis  A","2013","Mississippi","0.2"
"Hepatitis  A","2012","Mississippi","0.4"
"Hepatitis  A","2011","Mississippi","0.2"
"Hepatitis  A","2010","Mississippi","0.1"
"Hepatitis  A","2009","Mississippi","0.3"
"Hepatitis  A","2008","Mississippi","0.2"
"Hepatitis  A","2007","Mississippi","0.3"
"Hepatitis  A","2006","Mississippi","0.3"
"Hepatitis  A","2005","Mississippi","0.7"
"Hepatitis  A","2004","Mississippi","0.8"
"Hepatitis  A","2003","Mississippi","0.6"
"Hepatitis  A","2002","Mississippi","2.2"
"Hepatitis  A","2001","Mississippi","1.3"
"Hepatitis  A","2000","Mississippi","5.0"
"Acute Viral Hepatitis B","2017","Mississippi","1.5"
"Acute Viral Hepatitis B","2016","Mississippi","1.0"
"Acute Viral Hepatitis B","2015","Mississippi","1.7"
"Acute Viral Hepatitis B","2014","Mississippi","1.6"
"Acute Viral Hepatitis B","2013","Mississippi","1.8"
"Acute Viral Hepatitis B","2012","Mississippi","2.6"
"Acute Viral Hepatitis B","2011","Mississippi","1.9"
"Acute Viral Hepatitis B","2010","Mississippi","1.1"
"Acute Viral Hepatitis B","2009","Mississippi","1.1"
"Acute Viral Hepatitis B","2008","Mississippi","1.7"
"Acute Viral Hepatitis B","2007","Mississippi","1.3"
"Acute Viral Hepatitis B","2006","Mississippi","0.4"
"Acute Viral Hepatitis B","2005","Mississippi","1.8"
"Acute Viral Hepatitis B","2004","Mississippi","3.5"
"Acute Viral Hepatitis B","2003","Mississippi","3.9"
"Acute Viral Hepatitis B","2002","Mississippi","3.2"
"Acute Viral Hepatitis B","2001","Mississippi","3.3"
"Acute Viral Hepatitis B","2000","Mississippi","3.9"
"Hepatitis  A","2017","Missouri","0.4"
"Hepatitis  A","2016","Missouri","0.3"
"Hepatitis  A","2015","Missouri","0.1"
"Hepatitis  A","2014","Missouri","0.3"
"Hepatitis  A","2013","Missouri","0.1"
"Hepatitis  A","2012","Missouri","0.3"
"Hepatitis  A","2011","Missouri","0.2"
"Hepatitis  A","2010","Missouri","0.4"
"Hepatitis  A","2009","Missouri","0.4"
"Hepatitis  A","2008","Missouri","0.6"
"Hepatitis  A","2007","Missouri","0.4"
"Hepatitis  A","2006","Missouri","0.8"
"Hepatitis  A","2005","Missouri","0.4"
"Hepatitis  A","2004","Missouri","0.6"
"Hepatitis  A","2003","Missouri","1.0"
"Hepatitis  A","2002","Missouri","1.5"
"Hepatitis  A","2001","Missouri","1.6"
"Hepatitis  A","2000","Missouri","4.6"
"Acute Viral Hepatitis B","2017","Missouri","0.5"
"Acute Viral Hepatitis B","2016","Missouri","0.7"
"Acute Viral Hepatitis B","2015","Missouri","0.6"
"Acute Viral Hepatitis B","2014","Missouri","0.5"
"Acute Viral Hepatitis B","2013","Missouri","1.0"
"Acute Viral Hepatitis B","2012","Missouri","0.8"
"Acute Viral Hepatitis B","2011","Missouri","1.0"
"Acute Viral Hepatitis B","2010","Missouri","1.1"
"Acute Viral Hepatitis B","2009","Missouri","0.8"
"Acute Viral Hepatitis B","2008","Missouri","0.6"
"Acute Viral Hepatitis B","2007","Missouri","0.7"
"Acute Viral Hepatitis B","2006","Missouri","1.1"
"Acute Viral Hepatitis B","2005","Missouri","1.3"
"Acute Viral Hepatitis B","2004","Missouri","2.5"
"Acute Viral Hepatitis B","2003","Missouri","4.3"
"Acute Viral Hepatitis B","2002","Missouri","2.1"
"Acute Viral Hepatitis B","2001","Missouri","2.3"
"Acute Viral Hepatitis B","2000","Missouri","2.7"
"Hepatitis  A","2017","Montana","0.3"
"Hepatitis  A","2016","Montana","0.3"
"Hepatitis  A","2015","Montana","0.2"
"Hepatitis  A","2014","Montana","0.5"
"Hepatitis  A","2013","Montana","0.6"
"Hepatitis  A","2012","Montana","0.6"
"Hepatitis  A","2011","Montana","0.3"
"Hepatitis  A","2010","Montana","0.4"
"Hepatitis  A","2009","Montana","0.6"
"Hepatitis  A","2008","Montana","0.1"
"Hepatitis  A","2007","Montana","0.9"
"Hepatitis  A","2006","Montana","1.2"
"Hepatitis  A","2005","Montana","1.1"
"Hepatitis  A","2004","Montana","0.8"
"Hepatitis  A","2003","Montana","0.9"
"Hepatitis  A","2002","Montana","1.4"
"Hepatitis  A","2001","Montana","1.8"
"Hepatitis  A","2000","Montana","0.8"
"Acute Viral Hepatitis B","2017","Montana","0.3"
"Acute Viral Hepatitis B","2016","Montana","0.1"
"Acute Viral Hepatitis B","2015","Montana","0.4"
"Acute Viral Hepatitis B","2014","Montana","0.0"
"Acute Viral Hepatitis B","2013","Montana","0.4"
"Acute Viral Hepatitis B","2012","Montana","0.2"
"Acute Viral Hepatitis B","2011","Montana","0.0"
"Acute Viral Hepatitis B","2010","Montana","0.0"
"Acute Viral Hepatitis B","2009","Montana","0.1"
"Acute Viral Hepatitis B","2008","Montana","0.2"
"Acute Viral Hepatitis B","2007","Montana","0.1"
"Acute Viral Hepatitis B","2006","Montana","0.5"
"Acute Viral Hepatitis B","2005","Montana","1.1"
"Acute Viral Hepatitis B","2004","Montana","1.5"
"Acute Viral Hepatitis B","2003","Montana","1.7"
"Acute Viral Hepatitis B","2002","Montana","1.1"
"Acute Viral Hepatitis B","2001","Montana","0.3"
"Acute Viral Hepatitis B","2000","Montana","0.9"
"Hepatitis  A","2017","Nebraska","0.2"
"Hepatitis  A","2016","Nebraska","1.1"
"Hepatitis  A","2015","Nebraska","0.3"
"Hepatitis  A","2014","Nebraska","0.5"
"Hepatitis  A","2013","Nebraska","0.7"
"Hepatitis  A","2012","Nebraska","0.9"
"Hepatitis  A","2011","Nebraska","0.3"
"Hepatitis  A","2010","Nebraska","0.8"
"Hepatitis  A","2009","Nebraska","1.2"
"Hepatitis  A","2008","Nebraska","2.3"
"Hepatitis  A","2007","Nebraska","1.1"
"Hepatitis  A","2006","Nebraska","1.0"
"Hepatitis  A","2005","Nebraska","0.9"
"Hepatitis  A","2004","Nebraska","0.7"
"Hepatitis  A","2003","Nebraska","0.8"
"Hepatitis  A","2002","Nebraska","1.1"
"Hepatitis  A","2001","Nebraska","2.2"
"Hepatitis  A","2000","Nebraska","2.2"
"Acute Viral Hepatitis B","2017","Nebraska","0.5"
"Acute Viral Hepatitis B","2016","Nebraska","0.4"
"Acute Viral Hepatitis B","2015","Nebraska","0.2"
"Acute Viral Hepatitis B","2014","Nebraska","0.4"
"Acute Viral Hepatitis B","2013","Nebraska","0.5"
"Acute Viral Hepatitis B","2012","Nebraska","0.5"
"Acute Viral Hepatitis B","2011","Nebraska","0.7"
"Acute Viral Hepatitis B","2010","Nebraska","0.7"
"Acute Viral Hepatitis B","2009","Nebraska","1.2"
"Acute Viral Hepatitis B","2008","Nebraska","0.5"
"Acute Viral Hepatitis B","2007","Nebraska","0.7"
"Acute Viral Hepatitis B","2006","Nebraska","1.1"
"Acute Viral Hepatitis B","2005","Nebraska","1.0"
"Acute Viral Hepatitis B","2004","Nebraska","2.5"
"Acute Viral Hepatitis B","2003","Nebraska","1.8"
"Acute Viral Hepatitis B","2002","Nebraska","1.8"
"Acute Viral Hepatitis B","2001","Nebraska","2.0"
"Acute Viral Hepatitis B","2000","Nebraska","2.6"
"Hepatitis  A","2017","Nevada","0.6"
"Hepatitis  A","2016","Nevada","0.5"
"Hepatitis  A","2015","Nevada","0.4"
"Hepatitis  A","2014","Nevada","0.2"
"Hepatitis  A","2013","Nevada","0.7"
"Hepatitis  A","2012","Nevada","0.4"
"Hepatitis  A","2011","Nevada","0.2"
"Hepatitis  A","2010","Nevada","0.5"
"Hepatitis  A","2009","Nevada","0.6"
"Hepatitis  A","2008","Nevada","0.5"
"Hepatitis  A","2007","Nevada","0.5"
"Hepatitis  A","2006","Nevada","0.4"
"Hepatitis  A","2005","Nevada","0.9"
"Hepatitis  A","2004","Nevada","0.7"
"Hepatitis  A","2003","Nevada","2.3"
"Hepatitis  A","2002","Nevada","2.5"
"Hepatitis  A","2001","Nevada","3.3"
"Hepatitis  A","2000","Nevada","4.5"
"Acute Viral Hepatitis B","2017","Nevada","1.0"
"Acute Viral Hepatitis B","2016","Nevada","0.7"
"Acute Viral Hepatitis B","2015","Nevada","0.9"
"Acute Viral Hepatitis B","2014","Nevada","0.7"
"Acute Viral Hepatitis B","2013","Nevada","1.0"
"Acute Viral Hepatitis B","2012","Nevada","1.0"
"Acute Viral Hepatitis B","2011","Nevada","1.1"
"Acute Viral Hepatitis B","2010","Nevada","1.5"
"Acute Viral Hepatitis B","2009","Nevada","1.3"
"Acute Viral Hepatitis B","2008","Nevada","1.7"
"Acute Viral Hepatitis B","2007","Nevada","1.9"
"Acute Viral Hepatitis B","2006","Nevada","1.7"
"Acute Viral Hepatitis B","2005","Nevada","2.0"
"Acute Viral Hepatitis B","2004","Nevada","3.3"
"Acute Viral Hepatitis B","2003","Nevada","3.9"
"Acute Viral Hepatitis B","2002","Nevada","3.3"
"Acute Viral Hepatitis B","2001","Nevada","2.5"
"Acute Viral Hepatitis B","2000","Nevada","2.7"
"Hepatitis  A","2017","New Hampshire","0.5"
"Hepatitis  A","2016","New Hampshire","0.6"
"Hepatitis  A","2015","New Hampshire","0.2"
"Hepatitis  A","2014","New Hampshire","0.4"
"Hepatitis  A","2013","New Hampshire","0.7"
"Hepatitis  A","2012","New Hampshire","0.5"
"Hepatitis  A","2011","New Hampshire","0.0"
"Hepatitis  A","2010","New Hampshire","0.2"
"Hepatitis  A","2009","New Hampshire","0.5"
"Hepatitis  A","2008","New Hampshire","0.9"
"Hepatitis  A","2007","New Hampshire","0.9"
"Hepatitis  A","2006","New Hampshire","1.7"
"Hepatitis  A","2005","New Hampshire","6.3"
"Hepatitis  A","2004","New Hampshire","2.1"
"Hepatitis  A","2003","New Hampshire","1.5"
"Hepatitis  A","2002","New Hampshire","0.9"
"Hepatitis  A","2001","New Hampshire","1.4"
"Hepatitis  A","2000","New Hampshire","1.5"
"Acute Viral Hepatitis B","2017","New Hampshire","0.0"
"Acute Viral Hepatitis B","2016","New Hampshire","0.0"
"Acute Viral Hepatitis B","2015","New Hampshire","0.0"
"Acute Viral Hepatitis B","2014","New Hampshire","0.3"
"Acute Viral Hepatitis B","2013","New Hampshire","0.2"
"Acute Viral Hepatitis B","2012","New Hampshire","0.3"
"Acute Viral Hepatitis B","2011","New Hampshire","0.2"
"Acute Viral Hepatitis B","2010","New Hampshire","0.4"
"Acute Viral Hepatitis B","2009","New Hampshire","0.5"
"Acute Viral Hepatitis B","2008","New Hampshire","0.6"
"Acute Viral Hepatitis B","2007","New Hampshire","0.4"
"Acute Viral Hepatitis B","2006","New Hampshire","0.8"
"Acute Viral Hepatitis B","2005","New Hampshire","2.2"
"Acute Viral Hepatitis B","2004","New Hampshire","3.3"
"Acute Viral Hepatitis B","2003","New Hampshire","1.9"
"Acute Viral Hepatitis B","2002","New Hampshire","2.0"
"Acute Viral Hepatitis B","2001","New Hampshire","1.3"
"Acute Viral Hepatitis B","2000","New Hampshire","1.5"
"Hepatitis  A","2017","New Jersey","0.8"
"Hepatitis  A","2016","New Jersey","0.8"
"Hepatitis  A","2015","New Jersey","0.7"
"Hepatitis  A","2014","New Jersey","0.7"
"Hepatitis  A","2013","New Jersey","0.8"
"Hepatitis  A","2012","New Jersey","0.7"
"Hepatitis  A","2011","New Jersey","0.9"
"Hepatitis  A","2010","New Jersey","0.9"
"Hepatitis  A","2009","New Jersey","0.8"
"Hepatitis  A","2008","New Jersey","1.0"
"Hepatitis  A","2007","New Jersey","1.4"
"Hepatitis  A","2006","New Jersey","1.3"
"Hepatitis  A","2005","New Jersey","1.8"
"Hepatitis  A","2004","New Jersey","2.2"
"Hepatitis  A","2003","New Jersey","2.4"
"Hepatitis  A","2002","New Jersey","2.2"
"Hepatitis  A","2001","New Jersey","3.3"
"Hepatitis  A","2000","New Jersey","3.4"
"Acute Viral Hepatitis B","2017","New Jersey","0.6"
"Acute Viral Hepatitis B","2016","New Jersey","0.7"
"Acute Viral Hepatitis B","2015","New Jersey","0.9"
"Acute Viral Hepatitis B","2014","New Jersey","0.9"
"Acute Viral Hepatitis B","2013","New Jersey","0.7"
"Acute Viral Hepatitis B","2012","New Jersey","0.8"
"Acute Viral Hepatitis B","2011","New Jersey","0.8"
"Acute Viral Hepatitis B","2010","New Jersey","0.9"
"Acute Viral Hepatitis B","2009","New Jersey","1.1"
"Acute Viral Hepatitis B","2008","New Jersey","1.4"
"Acute Viral Hepatitis B","2007","New Jersey","1.9"
"Acute Viral Hepatitis B","2006","New Jersey","1.9"
"Acute Viral Hepatitis B","2005","New Jersey","2.7"
"Acute Viral Hepatitis B","2004","New Jersey","2.5"
"Acute Viral Hepatitis B","2003","New Jersey","2.1"
"Acute Viral Hepatitis B","2002","New Jersey","4.0"
"Acute Viral Hepatitis B","2001","New Jersey","3.4"
"Acute Viral Hepatitis B","2000","New Jersey","2.1"
"Hepatitis  A","2017","New Mexico","0.2"
"Hepatitis  A","2016","New Mexico","0.2"
"Hepatitis  A","2015","New Mexico","0.3"
"Hepatitis  A","2014","New Mexico","0.4"
"Hepatitis  A","2013","New Mexico","1.0"
"Hepatitis  A","2012","New Mexico","0.5"
"Hepatitis  A","2011","New Mexico","0.3"
"Hepatitis  A","2010","New Mexico","0.2"
"Hepatitis  A","2009","New Mexico","0.4"
"Hepatitis  A","2008","New Mexico","0.9"
"Hepatitis  A","2007","New Mexico","0.6"
"Hepatitis  A","2006","New Mexico","0.8"
"Hepatitis  A","2005","New Mexico","1.5"
"Hepatitis  A","2004","New Mexico","1.3"
"Hepatitis  A","2003","New Mexico","1.3"
"Hepatitis  A","2002","New Mexico","1.7"
"Hepatitis  A","2001","New Mexico","2.2"
"Hepatitis  A","2000","New Mexico","3.8"
"Acute Viral Hepatitis B","2017","New Mexico","0.0"
"Acute Viral Hepatitis B","2016","New Mexico","0.0"
"Acute Viral Hepatitis B","2015","New Mexico","0.1"
"Acute Viral Hepatitis B","2014","New Mexico","0.1"
"Acute Viral Hepatitis B","2013","New Mexico","0.1"
"Acute Viral Hepatitis B","2012","New Mexico","0.1"
"Acute Viral Hepatitis B","2011","New Mexico","0.5"
"Acute Viral Hepatitis B","2010","New Mexico","0.2"
"Acute Viral Hepatitis B","2009","New Mexico","0.4"
"Acute Viral Hepatitis B","2008","New Mexico","0.6"
"Acute Viral Hepatitis B","2007","New Mexico","0.7"
"Acute Viral Hepatitis B","2006","New Mexico","1.2"
"Acute Viral Hepatitis B","2005","New Mexico","1.0"
"Acute Viral Hepatitis B","2004","New Mexico","1.1"
"Acute Viral Hepatitis B","2003","New Mexico","1.9"
"Acute Viral Hepatitis B","2002","New Mexico","7.9"
"Acute Viral Hepatitis B","2001","New Mexico","7.4"
"Acute Viral Hepatitis B","2000","New Mexico","7.9"
"Hepatitis  A","2017","New York","1.1"
"Hepatitis  A","2016","New York","0.5"
"Hepatitis  A","2015","New York","0.6"
"Hepatitis  A","2014","New York","0.4"
"Hepatitis  A","2013","New York","0.8"
"Hepatitis  A","2012","New York","0.6"
"Hepatitis  A","2011","New York","0.6"
"Hepatitis  A","2010","New York","0.8"
"Hepatitis  A","2009","New York","0.7"
"Hepatitis  A","2008","New York","0.9"
"Hepatitis  A","2007","New York","1.2"
"Hepatitis  A","2006","New York","1.1"
"Hepatitis  A","2005","New York","2.0"
"Hepatitis  A","2004","New York","2.4"
"Hepatitis  A","2003","New York","3.1"
"Hepatitis  A","2002","New York","3.3"
"Hepatitis  A","2001","New York","4.1"
"Hepatitis  A","2000","New York","4.2"
"Acute Viral Hepatitis B","2017","New York","0.4"
"Acute Viral Hepatitis B","2016","New York","0.5"
"Acute Viral Hepatitis B","2015","New York","0.4"
"Acute Viral Hepatitis B","2014","New York","0.5"
"Acute Viral Hepatitis B","2013","New York","0.6"
"Acute Viral Hepatitis B","2012","New York","0.6"
"Acute Viral Hepatitis B","2011","New York","0.7"
"Acute Viral Hepatitis B","2010","New York","0.7"
"Acute Viral Hepatitis B","2009","New York","0.7"
"Acute Viral Hepatitis B","2008","New York","0.9"
"Acute Viral Hepatitis B","2007","New York","1.1"
"Acute Viral Hepatitis B","2006","New York","1.0"
"Acute Viral Hepatitis B","2005","New York","1.2"
"Acute Viral Hepatitis B","2004","New York","1.3"
"Acute Viral Hepatitis B","2003","New York","1.6"
"Acute Viral Hepatitis B","2002","New York","4.6"
"Acute Viral Hepatitis B","2001","New York","4.3"
"Acute Viral Hepatitis B","2000","New York","3.7"
"Hepatitis  A","2017","North Carolina","0.3"
"Hepatitis  A","2016","North Carolina","0.5"
"Hepatitis  A","2015","North Carolina","0.4"
"Hepatitis  A","2014","North Carolina","0.4"
"Hepatitis  A","2013","North Carolina","0.5"
"Hepatitis  A","2012","North Carolina","0.3"
"Hepatitis  A","2011","North Carolina","0.3"
"Hepatitis  A","2010","North Carolina","0.5"
"Hepatitis  A","2009","North Carolina","0.4"
"Hepatitis  A","2008","North Carolina","0.7"
"Hepatitis  A","2007","North Carolina","0.7"
"Hepatitis  A","2006","North Carolina","1.2"
"Hepatitis  A","2005","North Carolina","1.0"
"Hepatitis  A","2004","North Carolina","1.2"
"Hepatitis  A","2003","North Carolina","1.5"
"Hepatitis  A","2002","North Carolina","2.5"
"Hepatitis  A","2001","North Carolina","3.0"
"Hepatitis  A","2000","North Carolina","1.9"
"Acute Viral Hepatitis B","2017","North Carolina","1.8"
"Acute Viral Hepatitis B","2016","North Carolina","1.7"
"Acute Viral Hepatitis B","2015","North Carolina","1.6"
"Acute Viral Hepatitis B","2014","North Carolina","1.0"
"Acute Viral Hepatitis B","2013","North Carolina","0.8"
"Acute Viral Hepatitis B","2012","North Carolina","0.7"
"Acute Viral Hepatitis B","2011","North Carolina","1.1"
"Acute Viral Hepatitis B","2010","North Carolina","1.2"
"Acute Viral Hepatitis B","2009","North Carolina","1.1"
"Acute Viral Hepatitis B","2008","North Carolina","0.9"
"Acute Viral Hepatitis B","2007","North Carolina","1.4"
"Acute Viral Hepatitis B","2006","North Carolina","1.8"
"Acute Viral Hepatitis B","2005","North Carolina","1.9"
"Acute Viral Hepatitis B","2004","North Carolina","2.5"
"Acute Viral Hepatitis B","2003","North Carolina","1.9"
"Acute Viral Hepatitis B","2002","North Carolina","2.8"
"Acute Viral Hepatitis B","2001","North Carolina","2.7"
"Acute Viral Hepatitis B","2000","North Carolina","3.2"
"Hepatitis  A","2017","North Dakota","0.0"
"Hepatitis  A","2016","North Dakota","0.3"
"Hepatitis  A","2015","North Dakota","0.7"
"Hepatitis  A","2014","North Dakota","1.2"
"Hepatitis  A","2013","North Dakota","1.2"
"Hepatitis  A","2012","North Dakota","0.3"
"Hepatitis  A","2011","North Dakota","0.0"
"Hepatitis  A","2010","North Dakota","0.6"
"Hepatitis  A","2009","North Dakota","0.3"
"Hepatitis  A","2008","North Dakota","0.3"
"Hepatitis  A","2007","North Dakota","0.3"
"Hepatitis  A","2006","North Dakota","0.5"
"Hepatitis  A","2005","North Dakota","0.3"
"Hepatitis  A","2004","North Dakota","0.3"
"Hepatitis  A","2003","North Dakota","0.3"
"Hepatitis  A","2002","North Dakota","0.6"
"Hepatitis  A","2001","North Dakota","0.5"
"Hepatitis  A","2000","North Dakota","0.6"
"Acute Viral Hepatitis B","2017","North Dakota","0.0"
"Acute Viral Hepatitis B","2016","North Dakota","0.3"
"Acute Viral Hepatitis B","2015","North Dakota","0.3"
"Acute Viral Hepatitis B","2014","North Dakota","0.0"
"Acute Viral Hepatitis B","2013","North Dakota","0.0"
"Acute Viral Hepatitis B","2012","North Dakota","0.0"
"Acute Viral Hepatitis B","2011","North Dakota","0.0"
"Acute Viral Hepatitis B","2010","North Dakota","0.0"
"Acute Viral Hepatitis B","2009","North Dakota","0.0"
"Acute Viral Hepatitis B","2008","North Dakota","0.3"
"Acute Viral Hepatitis B","2007","North Dakota","0.3"
"Acute Viral Hepatitis B","2006","North Dakota","0.2"
"Acute Viral Hepatitis B","2005","North Dakota","Data not available"
"Acute Viral Hepatitis B","2004","North Dakota","0.6"
"Acute Viral Hepatitis B","2003","North Dakota","0.3"
"Acute Viral Hepatitis B","2002","North Dakota","1.3"
"Acute Viral Hepatitis B","2001","North Dakota","0.3"
"Acute Viral Hepatitis B","2000","North Dakota","0.5"
"Hepatitis  A","2017","Ohio","0.4"
"Hepatitis  A","2016","Ohio","0.3"
"Hepatitis  A","2015","Ohio","0.3"
"Hepatitis  A","2014","Ohio","0.3"
"Hepatitis  A","2013","Ohio","0.5"
"Hepatitis  A","2012","Ohio","0.3"
"Hepatitis  A","2011","Ohio","0.3"
"Hepatitis  A","2010","Ohio","0.4"
"Hepatitis  A","2009","Ohio","0.3"
"Hepatitis  A","2008","Ohio","0.4"
"Hepatitis  A","2007","Ohio","0.6"
"Hepatitis  A","2006","Ohio","0.5"
"Hepatitis  A","2005","Ohio","0.4"
"Hepatitis  A","2004","Ohio","0.4"
"Hepatitis  A","2003","Ohio","1.5"
"Hepatitis  A","2002","Ohio","2.6"
"Hepatitis  A","2001","Ohio","2.3"
"Hepatitis  A","2000","Ohio","2.3"
"Acute Viral Hepatitis B","2017","Ohio","2.4"
"Acute Viral Hepatitis B","2016","Ohio","2.6"
"Acute Viral Hepatitis B","2015","Ohio","3.5"
"Acute Viral Hepatitis B","2014","Ohio","1.5"
"Acute Viral Hepatitis B","2013","Ohio","1.9"
"Acute Viral Hepatitis B","2012","Ohio","1.5"
"Acute Viral Hepatitis B","2011","Ohio","0.8"
"Acute Viral Hepatitis B","2010","Ohio","0.8"
"Acute Viral Hepatitis B","2009","Ohio","0.8"
"Acute Viral Hepatitis B","2008","Ohio","1.0"
"Acute Viral Hepatitis B","2007","Ohio","1.1"
"Acute Viral Hepatitis B","2006","Ohio","1.1"
"Acute Viral Hepatitis B","2005","Ohio","1.2"
"Acute Viral Hepatitis B","2004","Ohio","1.0"
"Acute Viral Hepatitis B","2003","Ohio","1.4"
"Acute Viral Hepatitis B","2002","Ohio","1.0"
"Acute Viral Hepatitis B","2001","Ohio","0.8"
"Acute Viral Hepatitis B","2000","Ohio","0.9"
"Hepatitis  A","2017","Oklahoma","0.2"
"Hepatitis  A","2016","Oklahoma","0.3"
"Hepatitis  A","2015","Oklahoma","0.3"
"Hepatitis  A","2014","Oklahoma","0.4"
"Hepatitis  A","2013","Oklahoma","0.4"
"Hepatitis  A","2012","Oklahoma","0.3"
"Hepatitis  A","2011","Oklahoma","0.3"
"Hepatitis  A","2010","Oklahoma","0.2"
"Hepatitis  A","2009","Oklahoma","0.2"
"Hepatitis  A","2008","Oklahoma","0.4"
"Hepatitis  A","2007","Oklahoma","0.4"
"Hepatitis  A","2006","Oklahoma","0.3"
"Hepatitis  A","2005","Oklahoma","0.2"
"Hepatitis  A","2004","Oklahoma","0.6"
"Hepatitis  A","2003","Oklahoma","0.8"
"Hepatitis  A","2002","Oklahoma","1.5"
"Hepatitis  A","2001","Oklahoma","3.3"
"Hepatitis  A","2000","Oklahoma","7.9"
"Acute Viral Hepatitis B","2017","Oklahoma","1.0"
"Acute Viral Hepatitis B","2016","Oklahoma","0.8"
"Acute Viral Hepatitis B","2015","Oklahoma","0.9"
"Acute Viral Hepatitis B","2014","Oklahoma","1.5"
"Acute Viral Hepatitis B","2013","Oklahoma","1.0"
"Acute Viral Hepatitis B","2012","Oklahoma","2.1"
"Acute Viral Hepatitis B","2011","Oklahoma","2.6"
"Acute Viral Hepatitis B","2010","Oklahoma","3.1"
"Acute Viral Hepatitis B","2009","Oklahoma","3.3"
"Acute Viral Hepatitis B","2008","Oklahoma","3.5"
"Acute Viral Hepatitis B","2007","Oklahoma","4.2"
"Acute Viral Hepatitis B","2006","Oklahoma","2.7"
"Acute Viral Hepatitis B","2005","Oklahoma","1.7"
"Acute Viral Hepatitis B","2004","Oklahoma","2.3"
"Acute Viral Hepatitis B","2003","Oklahoma","2.2"
"Acute Viral Hepatitis B","2002","Oklahoma","3.2"
"Acute Viral Hepatitis B","2001","Oklahoma","3.3"
"Acute Viral Hepatitis B","2000","Oklahoma","5.2"
"Hepatitis  A","2017","Oregon","0.5"
"Hepatitis  A","2016","Oregon","0.4"
"Hepatitis  A","2015","Oregon","0.7"
"Hepatitis  A","2014","Oregon","0.3"
"Hepatitis  A","2013","Oregon","0.7"
"Hepatitis  A","2012","Oregon","0.2"
"Hepatitis  A","2011","Oregon","0.3"
"Hepatitis  A","2010","Oregon","0.4"
"Hepatitis  A","2009","Oregon","0.5"
"Hepatitis  A","2008","Oregon","0.7"
"Hepatitis  A","2007","Oregon","0.8"
"Hepatitis  A","2006","Oregon","1.2"
"Hepatitis  A","2005","Oregon","1.3"
"Hepatitis  A","2004","Oregon","1.5"
"Hepatitis  A","2003","Oregon","1.7"
"Hepatitis  A","2002","Oregon","1.8"
"Hepatitis  A","2001","Oregon","3.0"
"Hepatitis  A","2000","Oregon","5.0"
"Acute Viral Hepatitis B","2017","Oregon","0.6"
"Acute Viral Hepatitis B","2016","Oregon","0.5"
"Acute Viral Hepatitis B","2015","Oregon","0.6"
"Acute Viral Hepatitis B","2014","Oregon","0.8"
"Acute Viral Hepatitis B","2013","Oregon","0.8"
"Acute Viral Hepatitis B","2012","Oregon","0.6"
"Acute Viral Hepatitis B","2011","Oregon","0.8"
"Acute Viral Hepatitis B","2010","Oregon","1.1"
"Acute Viral Hepatitis B","2009","Oregon","1.2"
"Acute Viral Hepatitis B","2008","Oregon","1.1"
"Acute Viral Hepatitis B","2007","Oregon","1.6"
"Acute Viral Hepatitis B","2006","Oregon","2.2"
"Acute Viral Hepatitis B","2005","Oregon","2.6"
"Acute Viral Hepatitis B","2004","Oregon","3.1"
"Acute Viral Hepatitis B","2003","Oregon","3.4"
"Acute Viral Hepatitis B","2002","Oregon","3.6"
"Acute Viral Hepatitis B","2001","Oregon","4.8"
"Acute Viral Hepatitis B","2000","Oregon","3.6"
"Hepatitis  A","2017","Pennsylvania","0.5"
"Hepatitis  A","2016","Pennsylvania","0.5"
"Hepatitis  A","2015","Pennsylvania","0.3"
"Hepatitis  A","2014","Pennsylvania","0.4"
"Hepatitis  A","2013","Pennsylvania","0.4"
"Hepatitis  A","2012","Pennsylvania","0.5"
"Hepatitis  A","2011","Pennsylvania","0.5"
"Hepatitis  A","2010","Pennsylvania","0.4"
"Hepatitis  A","2009","Pennsylvania","0.5"
"Hepatitis  A","2008","Pennsylvania","0.5"
"Hepatitis  A","2007","Pennsylvania","0.8"
"Hepatitis  A","2006","Pennsylvania","0.5"
"Hepatitis  A","2005","Pennsylvania","0.7"
"Hepatitis  A","2004","Pennsylvania","1.2"
"Hepatitis  A","2003","Pennsylvania","8.2"
"Hepatitis  A","2002","Pennsylvania","2.4"
"Hepatitis  A","2001","Pennsylvania","2.5"
"Hepatitis  A","2000","Pennsylvania","3.6"
"Acute Viral Hepatitis B","2017","Pennsylvania","0.5"
"Acute Viral Hepatitis B","2016","Pennsylvania","0.3"
"Acute Viral Hepatitis B","2015","Pennsylvania","0.5"
"Acute Viral Hepatitis B","2014","Pennsylvania","0.5"
"Acute Viral Hepatitis B","2013","Pennsylvania","0.3"
"Acute Viral Hepatitis B","2012","Pennsylvania","0.5"
"Acute Viral Hepatitis B","2011","Pennsylvania","0.7"
"Acute Viral Hepatitis B","2010","Pennsylvania","0.6"
"Acute Viral Hepatitis B","2009","Pennsylvania","0.8"
"Acute Viral Hepatitis B","2008","Pennsylvania","1.3"
"Acute Viral Hepatitis B","2007","Pennsylvania","1.5"
"Acute Viral Hepatitis B","2006","Pennsylvania","1.4"
"Acute Viral Hepatitis B","2005","Pennsylvania","1.7"
"Acute Viral Hepatitis B","2004","Pennsylvania","2.4"
"Acute Viral Hepatitis B","2003","Pennsylvania","2.4"
"Acute Viral Hepatitis B","2002","Pennsylvania","2.8"
"Acute Viral Hepatitis B","2001","Pennsylvania","2.7"
"Acute Viral Hepatitis B","2000","Pennsylvania","2.2"
"Hepatitis  A","2017","Rhode Island","0.6"
"Hepatitis  A","2016","Rhode Island","0.4"
"Hepatitis  A","2015","Rhode Island","0.4"
"Hepatitis  A","2014","Rhode Island","0.8"
"Hepatitis  A","2013","Rhode Island","0.4"
"Hepatitis  A","2012","Rhode Island","0.3"
"Hepatitis  A","2011","Rhode Island","0.8"
"Hepatitis  A","2010","Rhode Island","0.9"
"Hepatitis  A","2009","Rhode Island","0.9"
"Hepatitis  A","2008","Rhode Island","1.1"
"Hepatitis  A","2007","Rhode Island","1.3"
"Hepatitis  A","2006","Rhode Island","1.5"
"Hepatitis  A","2005","Rhode Island","1.8"
"Hepatitis  A","2004","Rhode Island","2.2"
"Hepatitis  A","2003","Rhode Island","1.6"
"Hepatitis  A","2002","Rhode Island","3.2"
"Hepatitis  A","2001","Rhode Island","7.1"
"Hepatitis  A","2000","Rhode Island","3.0"
"Acute Viral Hepatitis B","2017","Rhode Island","Data not available"
"Acute Viral Hepatitis B","2016","Rhode Island","Data not available"
"Acute Viral Hepatitis B","2015","Rhode Island","Data not available"
"Acute Viral Hepatitis B","2014","Rhode Island","Data not available"
"Acute Viral Hepatitis B","2013","Rhode Island","Data not available"
"Acute Viral Hepatitis B","2012","Rhode Island","Data not available"
"Acute Viral Hepatitis B","2011","Rhode Island","Data not available"
"Acute Viral Hepatitis B","2010","Rhode Island","Data not available"
"Acute Viral Hepatitis B","2009","Rhode Island","Data not available"
"Acute Viral Hepatitis B","2008","Rhode Island","Data not available"
"Acute Viral Hepatitis B","2007","Rhode Island","1.5"
"Acute Viral Hepatitis B","2006","Rhode Island","1.0"
"Acute Viral Hepatitis B","2005","Rhode Island","0.5"
"Acute Viral Hepatitis B","2004","Rhode Island","0.6"
"Acute Viral Hepatitis B","2003","Rhode Island","2.0"
"Acute Viral Hepatitis B","2002","Rhode Island","3.4"
"Acute Viral Hepatitis B","2001","Rhode Island","3.1"
"Acute Viral Hepatitis B","2000","Rhode Island","4.4"
"Hepatitis  A","2017","South Carolina","0.4"
"Hepatitis  A","2016","South Carolina","0.4"
"Hepatitis  A","2015","South Carolina","0.3"
"Hepatitis  A","2014","South Carolina","0.1"
"Hepatitis  A","2013","South Carolina","0.3"
"Hepatitis  A","2012","South Carolina","0.1"
"Hepatitis  A","2011","South Carolina","0.2"
"Hepatitis  A","2010","South Carolina","0.6"
"Hepatitis  A","2009","South Carolina","1.4"
"Hepatitis  A","2008","South Carolina","0.4"
"Hepatitis  A","2007","South Carolina","0.4"
"Hepatitis  A","2006","South Carolina","0.6"
"Hepatitis  A","2005","South Carolina","0.9"
"Hepatitis  A","2004","South Carolina","0.9"
"Hepatitis  A","2003","South Carolina","1.3"
"Hepatitis  A","2002","South Carolina","1.6"
"Hepatitis  A","2001","South Carolina","2.1"
"Hepatitis  A","2000","South Carolina","2.4"
"Acute Viral Hepatitis B","2017","South Carolina","0.8"
"Acute Viral Hepatitis B","2016","South Carolina","0.7"
"Acute Viral Hepatitis B","2015","South Carolina","0.6"
"Acute Viral Hepatitis B","2014","South Carolina","0.8"
"Acute Viral Hepatitis B","2013","South Carolina","1.2"
"Acute Viral Hepatitis B","2012","South Carolina","0.8"
"Acute Viral Hepatitis B","2011","South Carolina","0.8"
"Acute Viral Hepatitis B","2010","South Carolina","1.3"
"Acute Viral Hepatitis B","2009","South Carolina","1.2"
"Acute Viral Hepatitis B","2008","South Carolina","1.6"
"Acute Viral Hepatitis B","2007","South Carolina","1.5"
"Acute Viral Hepatitis B","2006","South Carolina","2.2"
"Acute Viral Hepatitis B","2005","South Carolina","3.1"
"Acute Viral Hepatitis B","2004","South Carolina","3.5"
"Acute Viral Hepatitis B","2003","South Carolina","4.8"
"Acute Viral Hepatitis B","2002","South Carolina","3.3"
"Acute Viral Hepatitis B","2001","South Carolina","1.8"
"Acute Viral Hepatitis B","2000","South Carolina","0.6"
"Hepatitis  A","2017","South Dakota","0.1"
"Hepatitis  A","2016","South Dakota","0.1"
"Hepatitis  A","2015","South Dakota","0.2"
"Hepatitis  A","2014","South Dakota","0.4"
"Hepatitis  A","2013","South Dakota","0.5"
"Hepatitis  A","2012","South Dakota","0.0"
"Hepatitis  A","2011","South Dakota","0.2"
"Hepatitis  A","2010","South Dakota","0.1"
"Hepatitis  A","2009","South Dakota","0.4"
"Hepatitis  A","2008","South Dakota","0.5"
"Hepatitis  A","2007","South Dakota","0.8"
"Hepatitis  A","2006","South Dakota","1.2"
"Hepatitis  A","2005","South Dakota","0.1"
"Hepatitis  A","2004","South Dakota","0.5"
"Hepatitis  A","2003","South Dakota","Data not available"
"Hepatitis  A","2002","South Dakota","0.4"
"Hepatitis  A","2001","South Dakota","0.4"
"Hepatitis  A","2000","South Dakota","0.4"
"Acute Viral Hepatitis B","2017","South Dakota","0.2"
"Acute Viral Hepatitis B","2016","South Dakota","0.2"
"Acute Viral Hepatitis B","2015","South Dakota","0.2"
"Acute Viral Hepatitis B","2014","South Dakota","0.4"
"Acute Viral Hepatitis B","2013","South Dakota","0.6"
"Acute Viral Hepatitis B","2012","South Dakota","0.2"
"Acute Viral Hepatitis B","2011","South Dakota","0.2"
"Acute Viral Hepatitis B","2010","South Dakota","0.2"
"Acute Viral Hepatitis B","2009","South Dakota","0.5"
"Acute Viral Hepatitis B","2008","South Dakota","Data not available"
"Acute Viral Hepatitis B","2007","South Dakota","0.9"
"Acute Viral Hepatitis B","2006","South Dakota","0.6"
"Acute Viral Hepatitis B","2005","South Dakota","1.0"
"Acute Viral Hepatitis B","2004","South Dakota","0.1"
"Acute Viral Hepatitis B","2003","South Dakota","0.5"
"Acute Viral Hepatitis B","2002","South Dakota","0.4"
"Acute Viral Hepatitis B","2001","South Dakota","0.1"
"Acute Viral Hepatitis B","2000","South Dakota","0.3"
"Hepatitis  A","2017","Tennessee","0.1"
"Hepatitis  A","2016","Tennessee","0.1"
"Hepatitis  A","2015","Tennessee","0.2"
"Hepatitis  A","2014","Tennessee","0.2"
"Hepatitis  A","2013","Tennessee","0.3"
"Hepatitis  A","2012","Tennessee","0.4"
"Hepatitis  A","2011","Tennessee","0.4"
"Hepatitis  A","2010","Tennessee","0.2"
"Hepatitis  A","2009","Tennessee","0.2"
"Hepatitis  A","2008","Tennessee","0.5"
"Hepatitis  A","2007","Tennessee","0.9"
"Hepatitis  A","2006","Tennessee","1.2"
"Hepatitis  A","2005","Tennessee","2.4"
"Hepatitis  A","2004","Tennessee","1.6"
"Hepatitis  A","2003","Tennessee","3.5"
"Hepatitis  A","2002","Tennessee","2.1"
"Hepatitis  A","2001","Tennessee","3.3"
"Hepatitis  A","2000","Tennessee","2.7"
"Acute Viral Hepatitis B","2017","Tennessee","3.2"
"Acute Viral Hepatitis B","2016","Tennessee","3.1"
"Acute Viral Hepatitis B","2015","Tennessee","3.7"
"Acute Viral Hepatitis B","2014","Tennessee","3.5"
"Acute Viral Hepatitis B","2013","Tennessee","4.0"
"Acute Viral Hepatitis B","2012","Tennessee","3.7"
"Acute Viral Hepatitis B","2011","Tennessee","3.0"
"Acute Viral Hepatitis B","2010","Tennessee","2.4"
"Acute Viral Hepatitis B","2009","Tennessee","2.2"
"Acute Viral Hepatitis B","2008","Tennessee","2.4"
"Acute Viral Hepatitis B","2007","Tennessee","2.3"
"Acute Viral Hepatitis B","2006","Tennessee","2.6"
"Acute Viral Hepatitis B","2005","Tennessee","2.7"
"Acute Viral Hepatitis B","2004","Tennessee","3.7"
"Acute Viral Hepatitis B","2003","Tennessee","3.9"
"Acute Viral Hepatitis B","2002","Tennessee","2.5"
"Acute Viral Hepatitis B","2001","Tennessee","4.8"
"Acute Viral Hepatitis B","2000","Tennessee","4.2"
"Hepatitis  A","2017","Texas","0.5"
"Hepatitis  A","2016","Texas","0.5"
"Hepatitis  A","2015","Texas","0.5"
"Hepatitis  A","2014","Texas","0.5"
"Hepatitis  A","2013","Texas","0.4"
"Hepatitis  A","2012","Texas","0.5"
"Hepatitis  A","2011","Texas","0.5"
"Hepatitis  A","2010","Texas","0.6"
"Hepatitis  A","2009","Texas","0.7"
"Hepatitis  A","2008","Texas","1.1"
"Hepatitis  A","2007","Texas","1.1"
"Hepatitis  A","2006","Texas","1.4"
"Hepatitis  A","2005","Texas","2.0"
"Hepatitis  A","2004","Texas","2.8"
"Hepatitis  A","2003","Texas","2.8"
"Hepatitis  A","2002","Texas","3.9"
"Hepatitis  A","2001","Texas","2.6"
"Hepatitis  A","2000","Texas","9.2"
"Acute Viral Hepatitis B","2017","Texas","0.4"
"Acute Viral Hepatitis B","2016","Texas","0.6"
"Acute Viral Hepatitis B","2015","Texas","0.6"
"Acute Viral Hepatitis B","2014","Texas","0.5"
"Acute Viral Hepatitis B","2013","Texas","0.5"
"Acute Viral Hepatitis B","2012","Texas","0.7"
"Acute Viral Hepatitis B","2011","Texas","0.8"
"Acute Viral Hepatitis B","2010","Texas","1.6"
"Acute Viral Hepatitis B","2009","Texas","1.7"
"Acute Viral Hepatitis B","2008","Texas","2.3"
"Acute Viral Hepatitis B","2007","Texas","3.1"
"Acute Viral Hepatitis B","2006","Texas","3.5"
"Acute Viral Hepatitis B","2005","Texas","3.3"
"Acute Viral Hepatitis B","2004","Texas","3.1"
"Acute Viral Hepatitis B","2003","Texas","4.4"
"Acute Viral Hepatitis B","2002","Texas","5.1"
"Acute Viral Hepatitis B","2001","Texas","3.3"
"Acute Viral Hepatitis B","2000","Texas","5.1"
"Hepatitis  A","2017","Utah","5.1"
"Hepatitis  A","2016","Utah","0.4"
"Hepatitis  A","2015","Utah","0.3"
"Hepatitis  A","2014","Utah","0.3"
"Hepatitis  A","2013","Utah","0.4"
"Hepatitis  A","2012","Utah","0.1"
"Hepatitis  A","2011","Utah","0.3"
"Hepatitis  A","2010","Utah","0.4"
"Hepatitis  A","2009","Utah","0.3"
"Hepatitis  A","2008","Utah","0.5"
"Hepatitis  A","2007","Utah","0.3"
"Hepatitis  A","2006","Utah","0.5"
"Hepatitis  A","2005","Utah","0.8"
"Hepatitis  A","2004","Utah","1.5"
"Hepatitis  A","2003","Utah","1.7"
"Hepatitis  A","2002","Utah","2.4"
"Hepatitis  A","2001","Utah","2.9"
"Hepatitis  A","2000","Utah","3.2"
"Acute Viral Hepatitis B","2017","Utah","0.6"
"Acute Viral Hepatitis B","2016","Utah","0.2"
"Acute Viral Hepatitis B","2015","Utah","0.3"
"Acute Viral Hepatitis B","2014","Utah","0.4"
"Acute Viral Hepatitis B","2013","Utah","0.2"
"Acute Viral Hepatitis B","2012","Utah","0.5"
"Acute Viral Hepatitis B","2011","Utah","0.4"
"Acute Viral Hepatitis B","2010","Utah","0.3"
"Acute Viral Hepatitis B","2009","Utah","0.2"
"Acute Viral Hepatitis B","2008","Utah","0.5"
"Acute Viral Hepatitis B","2007","Utah","0.6"
"Acute Viral Hepatitis B","2006","Utah","1.0"
"Acute Viral Hepatitis B","2005","Utah","1.6"
"Acute Viral Hepatitis B","2004","Utah","2.1"
"Acute Viral Hepatitis B","2003","Utah","2.2"
"Acute Viral Hepatitis B","2002","Utah","2.3"
"Acute Viral Hepatitis B","2001","Utah","1.1"
"Acute Viral Hepatitis B","2000","Utah","1.6"
"Hepatitis  A","2017","Vermont","0.3"
"Hepatitis  A","2016","Vermont","0.8"
"Hepatitis  A","2015","Vermont","0.5"
"Hepatitis  A","2014","Vermont","0.2"
"Hepatitis  A","2013","Vermont","1.1"
"Hepatitis  A","2012","Vermont","0.3"
"Hepatitis  A","2011","Vermont","1.0"
"Hepatitis  A","2010","Vermont","0.0"
"Hepatitis  A","2009","Vermont","0.3"
"Hepatitis  A","2008","Vermont","0.3"
"Hepatitis  A","2007","Vermont","1.3"
"Hepatitis  A","2006","Vermont","1.3"
"Hepatitis  A","2005","Vermont","0.8"
"Hepatitis  A","2004","Vermont","1.3"
"Hepatitis  A","2003","Vermont","1.0"
"Hepatitis  A","2002","Vermont","0.6"
"Hepatitis  A","2001","Vermont","2.6"
"Hepatitis  A","2000","Vermont","1.6"
"Acute Viral Hepatitis B","2017","Vermont","0.2"
"Acute Viral Hepatitis B","2016","Vermont","0.3"
"Acute Viral Hepatitis B","2015","Vermont","0.5"
"Acute Viral Hepatitis B","2014","Vermont","0.6"
"Acute Viral Hepatitis B","2013","Vermont","0.3"
"Acute Viral Hepatitis B","2012","Vermont","0.3"
"Acute Viral Hepatitis B","2011","Vermont","0.0"
"Acute Viral Hepatitis B","2010","Vermont","0.3"
"Acute Viral Hepatitis B","2009","Vermont","0.0"
"Acute Viral Hepatitis B","2008","Vermont","0.5"
"Acute Viral Hepatitis B","2007","Vermont","0.8"
"Acute Viral Hepatitis B","2006","Vermont","0.6"
"Acute Viral Hepatitis B","2005","Vermont","1.0"
"Acute Viral Hepatitis B","2004","Vermont","1.0"
"Acute Viral Hepatitis B","2003","Vermont","0.6"
"Acute Viral Hepatitis B","2002","Vermont","1.1"
"Acute Viral Hepatitis B","2001","Vermont","0.8"
"Acute Viral Hepatitis B","2000","Vermont","1.0"
"Hepatitis  A","2017","Virginia","0.5"
"Hepatitis  A","2016","Virginia","2.3"
"Hepatitis  A","2015","Virginia","0.6"
"Hepatitis  A","2014","Virginia","0.3"
"Hepatitis  A","2013","Virginia","0.4"
"Hepatitis  A","2012","Virginia","0.6"
"Hepatitis  A","2011","Virginia","0.4"
"Hepatitis  A","2010","Virginia","0.6"
"Hepatitis  A","2009","Virginia","0.5"
"Hepatitis  A","2008","Virginia","0.7"
"Hepatitis  A","2007","Virginia","1.2"
"Hepatitis  A","2006","Virginia","0.8"
"Hepatitis  A","2005","Virginia","1.2"
"Hepatitis  A","2004","Virginia","1.9"
"Hepatitis  A","2003","Virginia","1.9"
"Hepatitis  A","2002","Virginia","2.2"
"Hepatitis  A","2001","Virginia","2.3"
"Hepatitis  A","2000","Virginia","2.3"
"Acute Viral Hepatitis B","2017","Virginia","0.7"
"Acute Viral Hepatitis B","2016","Virginia","0.7"
"Acute Viral Hepatitis B","2015","Virginia","0.8"
"Acute Viral Hepatitis B","2014","Virginia","0.7"
"Acute Viral Hepatitis B","2013","Virginia","0.9"
"Acute Viral Hepatitis B","2012","Virginia","1.0"
"Acute Viral Hepatitis B","2011","Virginia","1.0"
"Acute Viral Hepatitis B","2010","Virginia","1.2"
"Acute Viral Hepatitis B","2009","Virginia","1.4"
"Acute Viral Hepatitis B","2008","Virginia","1.7"
"Acute Viral Hepatitis B","2007","Virginia","1.9"
"Acute Viral Hepatitis B","2006","Virginia","1.0"
"Acute Viral Hepatitis B","2005","Virginia","1.9"
"Acute Viral Hepatitis B","2004","Virginia","4.1"
"Acute Viral Hepatitis B","2003","Virginia","3.1"
"Acute Viral Hepatitis B","2002","Virginia","3.1"
"Acute Viral Hepatitis B","2001","Virginia","3.0"
"Acute Viral Hepatitis B","2000","Virginia","2.4"
"Hepatitis  A","2017","Washington","0.4"
"Hepatitis  A","2016","Washington","0.4"
"Hepatitis  A","2015","Washington","0.4"
"Hepatitis  A","2014","Washington","0.4"
"Hepatitis  A","2013","Washington","0.6"
"Hepatitis  A","2012","Washington","0.4"
"Hepatitis  A","2011","Washington","0.5"
"Hepatitis  A","2010","Washington","0.3"
"Hepatitis  A","2009","Washington","0.6"
"Hepatitis  A","2008","Washington","0.8"
"Hepatitis  A","2007","Washington","0.9"
"Hepatitis  A","2006","Washington","0.8"
"Hepatitis  A","2005","Washington","0.8"
"Hepatitis  A","2004","Washington","1.1"
"Hepatitis  A","2003","Washington","1.2"
"Hepatitis  A","2002","Washington","2.7"
"Hepatitis  A","2001","Washington","3.1"
"Hepatitis  A","2000","Washington","5.0"
"Acute Viral Hepatitis B","2017","Washington","0.6"
"Acute Viral Hepatitis B","2016","Washington","0.6"
"Acute Viral Hepatitis B","2015","Washington","0.5"
"Acute Viral Hepatitis B","2014","Washington","0.6"
"Acute Viral Hepatitis B","2013","Washington","0.5"
"Acute Viral Hepatitis B","2012","Washington","0.5"
"Acute Viral Hepatitis B","2011","Washington","0.5"
"Acute Viral Hepatitis B","2010","Washington","0.7"
"Acute Viral Hepatitis B","2009","Washington","0.7"
"Acute Viral Hepatitis B","2008","Washington","0.9"
"Acute Viral Hepatitis B","2007","Washington","1.0"
"Acute Viral Hepatitis B","2006","Washington","1.2"
"Acute Viral Hepatitis B","2005","Washington","1.0"
"Acute Viral Hepatitis B","2004","Washington","1.0"
"Acute Viral Hepatitis B","2003","Washington","1.5"
"Acute Viral Hepatitis B","2002","Washington","1.4"
"Acute Viral Hepatitis B","2001","Washington","2.9"
"Acute Viral Hepatitis B","2000","Washington","2.2"
"Hepatitis  A","2017","West Virginia","0.3"
"Hepatitis  A","2016","West Virginia","0.8"
"Hepatitis  A","2015","West Virginia","0.4"
"Hepatitis  A","2014","West Virginia","0.6"
"Hepatitis  A","2013","West Virginia","0.2"
"Hepatitis  A","2012","West Virginia","0.4"
"Hepatitis  A","2011","West Virginia","0.4"
"Hepatitis  A","2010","West Virginia","0.8"
"Hepatitis  A","2009","West Virginia","0.3"
"Hepatitis  A","2008","West Virginia","0.3"
"Hepatitis  A","2007","West Virginia","0.6"
"Hepatitis  A","2006","West Virginia","0.3"
"Hepatitis  A","2005","West Virginia","0.2"
"Hepatitis  A","2004","West Virginia","0.3"
"Hepatitis  A","2003","West Virginia","2.1"
"Hepatitis  A","2002","West Virginia","1.3"
"Hepatitis  A","2001","West Virginia","1.6"
"Hepatitis  A","2000","West Virginia","3.1"
"Acute Viral Hepatitis B","2017","West Virginia","11.7"
"Acute Viral Hepatitis B","2016","West Virginia","14.6"
"Acute Viral Hepatitis B","2015","West Virginia","14.7"
"Acute Viral Hepatitis B","2014","West Virginia","10.1"
"Acute Viral Hepatitis B","2013","West Virginia","10.5"
"Acute Viral Hepatitis B","2012","West Virginia","7.6"
"Acute Viral Hepatitis B","2011","West Virginia","6.1"
"Acute Viral Hepatitis B","2010","West Virginia","4.7"
"Acute Viral Hepatitis B","2009","West Virginia","4.6"
"Acute Viral Hepatitis B","2008","West Virginia","4.6"
"Acute Viral Hepatitis B","2007","West Virginia","4.5"
"Acute Viral Hepatitis B","2006","West Virginia","4.1"
"Acute Viral Hepatitis B","2005","West Virginia","3.8"
"Acute Viral Hepatitis B","2004","West Virginia","2.9"
"Acute Viral Hepatitis B","2003","West Virginia","2.4"
"Acute Viral Hepatitis B","2002","West Virginia","1.4"
"Acute Viral Hepatitis B","2001","West Virginia","1.9"
"Acute Viral Hepatitis B","2000","West Virginia","1.7"
"Hepatitis  A","2017","Wisconsin","0.3"
"Hepatitis  A","2016","Wisconsin","0.1"
"Hepatitis  A","2015","Wisconsin","0.2"
"Hepatitis  A","2014","Wisconsin","0.1"
"Hepatitis  A","2013","Wisconsin","0.6"
"Hepatitis  A","2012","Wisconsin","0.4"
"Hepatitis  A","2011","Wisconsin","0.1"
"Hepatitis  A","2010","Wisconsin","0.4"
"Hepatitis  A","2009","Wisconsin","0.6"
"Hepatitis  A","2008","Wisconsin","0.6"
"Hepatitis  A","2007","Wisconsin","0.6"
"Hepatitis  A","2006","Wisconsin","0.8"
"Hepatitis  A","2005","Wisconsin","0.9"
"Hepatitis  A","2004","Wisconsin","2.2"
"Hepatitis  A","2003","Wisconsin","0.8"
"Hepatitis  A","2002","Wisconsin","3.6"
"Hepatitis  A","2001","Wisconsin","1.6"
"Hepatitis  A","2000","Wisconsin","2.0"
"Acute Viral Hepatitis B","2017","Wisconsin","0.2"
"Acute Viral Hepatitis B","2016","Wisconsin","0.2"
"Acute Viral Hepatitis B","2015","Wisconsin","0.1"
"Acute Viral Hepatitis B","2014","Wisconsin","0.2"
"Acute Viral Hepatitis B","2013","Wisconsin","0.2"
"Acute Viral Hepatitis B","2012","Wisconsin","0.4"
"Acute Viral Hepatitis B","2011","Wisconsin","0.3"
"Acute Viral Hepatitis B","2010","Wisconsin","0.9"
"Acute Viral Hepatitis B","2009","Wisconsin","0.4"
"Acute Viral Hepatitis B","2008","Wisconsin","0.3"
"Acute Viral Hepatitis B","2007","Wisconsin","0.4"
"Acute Viral Hepatitis B","2006","Wisconsin","0.6"
"Acute Viral Hepatitis B","2005","Wisconsin","0.9"
"Acute Viral Hepatitis B","2004","Wisconsin","0.7"
"Acute Viral Hepatitis B","2003","Wisconsin","0.9"
"Acute Viral Hepatitis B","2002","Wisconsin","0.9"
"Acute Viral Hepatitis B","2001","Wisconsin","0.9"
"Acute Viral Hepatitis B","2000","Wisconsin","0.8"
"Hepatitis  A","2017","Wyoming","3.1"
"Hepatitis  A","2016","Wyoming","0.0"
"Hepatitis  A","2015","Wyoming","0.5"
"Hepatitis  A","2014","Wyoming","0.2"
"Hepatitis  A","2013","Wyoming","0.0"
"Hepatitis  A","2012","Wyoming","0.2"
"Hepatitis  A","2011","Wyoming","0.4"
"Hepatitis  A","2010","Wyoming","0.7"
"Hepatitis  A","2009","Wyoming","0.4"
"Hepatitis  A","2008","Wyoming","0.6"
"Hepatitis  A","2007","Wyoming","0.6"
"Hepatitis  A","2006","Wyoming","0.4"
"Hepatitis  A","2005","Wyoming","0.2"
"Hepatitis  A","2004","Wyoming","1.0"
"Hepatitis  A","2003","Wyoming","0.4"
"Hepatitis  A","2002","Wyoming","0.6"
"Hepatitis  A","2001","Wyoming","1.4"
"Hepatitis  A","2000","Wyoming","0.8"
"Acute Viral Hepatitis B","2017","Wyoming","Data not available"
"Acute Viral Hepatitis B","2016","Wyoming","Data not available"
"Acute Viral Hepatitis B","2015","Wyoming","Data not available"
"Acute Viral Hepatitis B","2014","Wyoming","Data not available"
"Acute Viral Hepatitis B","2013","Wyoming","Data not available"
"Acute Viral Hepatitis B","2012","Wyoming","0.0"
"Acute Viral Hepatitis B","2011","Wyoming","0.0"
"Acute Viral Hepatitis B","2010","Wyoming","0.5"
"Acute Viral Hepatitis B","2009","Wyoming","0.7"
"Acute Viral Hepatitis B","2008","Wyoming","1.1"
"Acute Viral Hepatitis B","2007","Wyoming","1.0"
"Acute Viral Hepatitis B","2006","Wyoming","0.2"
"Acute Viral Hepatitis B","2005","Wyoming","0.6"
"Acute Viral Hepatitis B","2004","Wyoming","1.8"
"Acute Viral Hepatitis B","2003","Wyoming","6.2"
"Acute Viral Hepatitis B","2002","Wyoming","3.4"
"Acute Viral Hepatitis B","2001","Wyoming","0.6"
"Acute Viral Hepatitis B","2000","Wyoming","0.6"
